,id,status,infection_nb,viralParams,incubation_time,k
0,0,R,3.0,"{'sb': 0.5, 'sd': 0.9, 'mu': 0.1}",0.0,0.0
1,1,R,3.0,"{'sb': 0.5, 'sd': 0.9, 'mu': 0.1}",0.0,0.0
2,2,R,3.0,"{'sb': 0.5, 'sd': 0.9, 'mu': 0.1}",0.0,0.0
3,3,R,3.0,"{'sb': 0.5, 'sd': 0.9, 'mu': 0.1}",0.0,0.0
4,4,R,3.0,"{'sb': 0.5, 'sd': 0.9, 'mu': 0.1}",0.0,0.0
5,5,R,3.0,"{'sb': 0.5, 'sd': 0.05, 'mu': 0.1}",0.0,2.0
6,6,R,3.0,"{'sb': 0.5, 'sd': 0.9, 'mu': 0.1}",0.0,0.0
7,7,R,3.0,"{'sb': 0.5, 'sd': 0.9, 'mu': 0.1}",0.0,0.0
8,8,R,3.0,"{'sb': 0.5, 'sd': 0.9, 'mu': 0.1}",0.0,0.0
9,9,R,3.0,"{'sb': 0.5, 'sd': 0.05, 'mu': 0.1}",0.0,3.0
10,10,R,3.0,"{'sb': 0.5, 'sd': 0.9, 'mu': 0.1}",0.0,0.0
11,11,R,3.0,"{'sb': 0.5, 'sd': 0.9, 'mu': 0.1}",0.0,0.0
12,12,R,3.0,"{'sb': 0.5, 'sd': 0.9, 'mu': 0.1}",0.0,0.0
13,13,E,48.0,"{'sb': 0.5, 'sd': 0.05, 'mu': 0.1}",-101.0,5.0
14,14,R,3.0,"{'sb': 0.5, 'sd': 0.9, 'mu': 0.1}",0.0,0.0
15,15,E,3.0,"{'sb': 0.5, 'sd': 0.05, 'mu': 0.1}",-104.0,5.0
16,16,R,3.0,"{'sb': 0.5, 'sd': 0.9, 'mu': 0.1}",0.0,0.0
17,17,R,3.0,"{'sb': 0.5, 'sd': 0.9, 'mu': 0.1}",0.0,0.0
18,18,R,3.0,"{'sb': 0.5, 'sd': 0.9, 'mu': 0.1}",0.0,0.0
19,19,R,3.0,"{'sb': 0.5, 'sd': 0.9, 'mu': 0.1}",0.0,0.0
20,20,R,3.0,"{'sb': 0.5, 'sd': 0.9, 'mu': 0.1}",0.0,0.0
21,21,R,3.0,"{'sb': 0.5, 'sd': 0.9, 'mu': 0.1}",0.0,0.0
22,22,R,3.0,"{'sb': 0.5, 'sd': 0.9, 'mu': 0.1}",0.0,0.0
23,23,R,3.0,"{'sb': 0.5, 'sd': 0.9, 'mu': 0.1}",0.0,0.0
24,24,R,3.0,"{'sb': 0.5, 'sd': 0.9, 'mu': 0.1}",0.0,0.0
25,25,R,3.0,"{'sb': 0.5, 'sd': 0.9, 'mu': 0.1}",0.0,0.0
26,26,R,3.0,"{'sb': 0.5, 'sd': 0.9, 'mu': 0.1}",0.0,0.0
27,27,R,3.0,"{'sb': 0.5, 'sd': 0.9, 'mu': 0.1}",0.0,0.0
28,28,R,3.0,"{'sb': 0.5, 'sd': 0.05, 'mu': 0.1}",0.0,2.0
29,29,R,3.0,"{'sb': 0.5, 'sd': 0.9, 'mu': 0.1}",0.0,0.0
30,30,R,3.0,"{'sb': 0.5, 'sd': 0.9, 'mu': 0.1}",0.0,0.0
31,31,R,3.0,"{'sb': 0.5, 'sd': 0.9, 'mu': 0.1}",0.0,0.0
32,32,R,3.0,"{'sb': 0.5, 'sd': 0.9, 'mu': 0.1}",0.0,0.0
33,33,R,44.0,"{'sb': 0.5, 'sd': 0.05, 'mu': 0.1}",0.0,5.0
34,34,R,3.0,"{'sb': 0.5, 'sd': 0.9, 'mu': 0.1}",0.0,0.0
35,35,R,6.0,"{'sb': 0.5, 'sd': 0.05, 'mu': 0.1}",0.0,5.0
36,36,R,3.0,"{'sb': 0.5, 'sd': 0.9, 'mu': 0.1}",0.0,0.0
37,37,R,3.0,"{'sb': 0.5, 'sd': 0.9, 'mu': 0.1}",0.0,0.0
38,38,R,14.0,"{'sb': 0.5, 'sd': 0.05, 'mu': 0.1}",0.0,5.0
39,39,R,3.0,"{'sb': 0.5, 'sd': 0.9, 'mu': 0.1}",0.0,0.0
40,40,R,3.0,"{'sb': 0.5, 'sd': 0.9, 'mu': 0.1}",0.0,0.0
41,41,R,3.0,"{'sb': 0.5, 'sd': 0.9, 'mu': 0.1}",0.0,0.0
42,42,R,3.0,"{'sb': 0.5, 'sd': 0.9, 'mu': 0.1}",0.0,0.0
43,43,R,3.0,"{'sb': 0.5, 'sd': 0.9, 'mu': 0.1}",0.0,0.0
44,44,R,3.0,"{'sb': 0.5, 'sd': 0.9, 'mu': 0.1}",0.0,0.0
45,45,R,3.0,"{'sb': 0.5, 'sd': 0.9, 'mu': 0.1}",0.0,0.0
46,46,R,3.0,"{'sb': 0.5, 'sd': 0.9, 'mu': 0.1}",0.0,0.0
47,47,R,3.0,"{'sb': 0.5, 'sd': 0.9, 'mu': 0.1}",0.0,0.0
48,48,R,3.0,"{'sb': 0.5, 'sd': 0.9, 'mu': 0.1}",0.0,0.0
49,49,R,3.0,"{'sb': 0.5, 'sd': 0.9, 'mu': 0.1}",0.0,0.0
50,50,R,3.0,"{'sb': 0.5, 'sd': 0.9, 'mu': 0.1}",0.0,0.0
51,51,R,3.0,"{'sb': 0.5, 'sd': 0.9, 'mu': 0.1}",0.0,0.0
52,52,R,3.0,"{'sb': 0.5, 'sd': 0.9, 'mu': 0.1}",0.0,0.0
53,53,R,3.0,"{'sb': 0.5, 'sd': 0.9, 'mu': 0.1}",0.0,0.0
54,54,R,3.0,"{'sb': 0.5, 'sd': 0.9, 'mu': 0.1}",0.0,0.0
55,55,R,3.0,"{'sb': 0.5, 'sd': 0.05, 'mu': 0.1}",0.0,5.0
56,56,R,3.0,"{'sb': 0.5, 'sd': 0.9, 'mu': 0.1}",0.0,0.0
57,57,R,3.0,"{'sb': 0.5, 'sd': 0.9, 'mu': 0.1}",0.0,0.0
58,58,R,3.0,"{'sb': 0.5, 'sd': 0.9, 'mu': 0.1}",0.0,0.0
59,59,R,3.0,"{'sb': 0.5, 'sd': 0.9, 'mu': 0.1}",0.0,0.0
60,60,R,3.0,"{'sb': 0.5, 'sd': 0.9, 'mu': 0.1}",0.0,0.0
61,61,R,3.0,"{'sb': 0.5, 'sd': 0.9, 'mu': 0.1}",0.0,0.0
62,62,R,3.0,"{'sb': 0.5, 'sd': 0.9, 'mu': 0.1}",0.0,0.0
63,63,R,3.0,"{'sb': 0.5, 'sd': 0.9, 'mu': 0.1}",0.0,0.0
64,64,R,3.0,"{'sb': 0.5, 'sd': 0.9, 'mu': 0.1}",0.0,0.0
65,65,R,3.0,"{'sb': 0.5, 'sd': 0.05, 'mu': 0.1}",0.0,5.0
66,66,R,3.0,"{'sb': 0.5, 'sd': 0.9, 'mu': 0.1}",0.0,0.0
67,67,R,3.0,"{'sb': 0.5, 'sd': 0.9, 'mu': 0.1}",0.0,0.0
68,68,R,3.0,"{'sb': 0.5, 'sd': 0.9, 'mu': 0.1}",0.0,0.0
69,69,R,3.0,"{'sb': 0.5, 'sd': 0.9, 'mu': 0.1}",0.0,0.0
70,70,R,18.0,"{'sb': 0.5, 'sd': 0.05, 'mu': 0.1}",0.0,5.0
71,71,R,3.0,"{'sb': 0.5, 'sd': 0.9, 'mu': 0.1}",0.0,0.0
72,72,R,3.0,"{'sb': 0.5, 'sd': 0.05, 'mu': 0.1}",0.0,5.0
73,73,R,3.0,"{'sb': 0.5, 'sd': 0.9, 'mu': 0.1}",0.0,0.0
74,74,R,3.0,"{'sb': 0.5, 'sd': 0.9, 'mu': 0.1}",0.0,0.0
75,75,R,3.0,"{'sb': 0.5, 'sd': 0.9, 'mu': 0.1}",0.0,0.0
76,76,R,17.0,"{'sb': 0.5, 'sd': 0.05, 'mu': 0.1}",0.0,5.0
77,77,R,3.0,"{'sb': 0.5, 'sd': 0.9, 'mu': 0.1}",0.0,0.0
78,78,R,3.0,"{'sb': 0.5, 'sd': 0.9, 'mu': 0.1}",0.0,0.0
79,79,R,3.0,"{'sb': 0.5, 'sd': 0.9, 'mu': 0.1}",0.0,0.0
80,80,R,3.0,"{'sb': 0.5, 'sd': 0.9, 'mu': 0.1}",0.0,0.0
81,81,R,3.0,"{'sb': 0.5, 'sd': 0.9, 'mu': 0.1}",0.0,0.0
82,82,R,3.0,"{'sb': 0.5, 'sd': 0.9, 'mu': 0.1}",0.0,0.0
83,83,R,3.0,"{'sb': 0.5, 'sd': 0.05, 'mu': 0.1}",0.0,2.0
84,84,R,3.0,"{'sb': 0.5, 'sd': 0.05, 'mu': 0.1}",0.0,1.0
85,85,R,3.0,"{'sb': 0.5, 'sd': 0.9, 'mu': 0.1}",0.0,0.0
86,86,R,3.0,"{'sb': 0.5, 'sd': 0.9, 'mu': 0.1}",0.0,0.0
87,87,R,3.0,"{'sb': 0.5, 'sd': 0.9, 'mu': 0.1}",0.0,0.0
88,88,R,3.0,"{'sb': 0.5, 'sd': 0.9, 'mu': 0.1}",0.0,0.0
89,89,R,3.0,"{'sb': 0.5, 'sd': 0.9, 'mu': 0.1}",0.0,0.0
90,90,R,3.0,"{'sb': 0.5, 'sd': 0.9, 'mu': 0.1}",0.0,0.0
91,91,R,3.0,"{'sb': 0.5, 'sd': 0.9, 'mu': 0.1}",0.0,0.0
92,92,R,3.0,"{'sb': 0.5, 'sd': 0.9, 'mu': 0.1}",0.0,0.0
93,93,R,3.0,"{'sb': 0.5, 'sd': 0.9, 'mu': 0.1}",0.0,0.0
94,94,R,3.0,"{'sb': 0.5, 'sd': 0.9, 'mu': 0.1}",0.0,0.0
95,95,R,3.0,"{'sb': 0.5, 'sd': 0.9, 'mu': 0.1}",0.0,0.0
96,96,R,3.0,"{'sb': 0.5, 'sd': 0.9, 'mu': 0.1}",0.0,0.0
97,97,R,3.0,"{'sb': 0.5, 'sd': 0.9, 'mu': 0.1}",0.0,0.0
98,98,R,15.0,"{'sb': 0.5, 'sd': 0.05, 'mu': 0.1}",0.0,5.0
99,99,R,3.0,"{'sb': 0.5, 'sd': 0.9, 'mu': 0.1}",0.0,0.0
100,100,R,3.0,"{'sb': 0.5, 'sd': 0.9, 'mu': 0.1}",0.0,0.0
101,101,R,3.0,"{'sb': 0.5, 'sd': 0.9, 'mu': 0.1}",0.0,0.0
102,102,R,3.0,"{'sb': 0.5, 'sd': 0.9, 'mu': 0.1}",0.0,0.0
103,103,R,3.0,"{'sb': 0.5, 'sd': 0.9, 'mu': 0.1}",0.0,0.0
104,104,R,3.0,"{'sb': 0.5, 'sd': 0.9, 'mu': 0.1}",0.0,0.0
105,105,R,3.0,"{'sb': 0.5, 'sd': 0.9, 'mu': 0.1}",0.0,0.0
106,106,R,3.0,"{'sb': 0.5, 'sd': 0.9, 'mu': 0.1}",0.0,0.0
107,107,R,3.0,"{'sb': 0.5, 'sd': 0.9, 'mu': 0.1}",0.0,0.0
108,108,R,3.0,"{'sb': 0.5, 'sd': 0.9, 'mu': 0.1}",0.0,0.0
109,109,R,8.0,"{'sb': 0.5, 'sd': 0.05, 'mu': 0.1}",0.0,5.0
110,110,R,3.0,"{'sb': 0.5, 'sd': 0.9, 'mu': 0.1}",0.0,0.0
111,111,R,3.0,"{'sb': 0.5, 'sd': 0.9, 'mu': 0.1}",0.0,0.0
112,112,R,3.0,"{'sb': 0.5, 'sd': 0.9, 'mu': 0.1}",0.0,0.0
113,113,R,3.0,"{'sb': 0.5, 'sd': 0.9, 'mu': 0.1}",0.0,0.0
114,114,R,3.0,"{'sb': 0.5, 'sd': 0.9, 'mu': 0.1}",0.0,0.0
115,115,R,3.0,"{'sb': 0.5, 'sd': 0.9, 'mu': 0.1}",0.0,0.0
116,116,R,3.0,"{'sb': 0.5, 'sd': 0.9, 'mu': 0.1}",0.0,0.0
117,117,R,3.0,"{'sb': 0.5, 'sd': 0.9, 'mu': 0.1}",0.0,0.0
118,118,R,3.0,"{'sb': 0.5, 'sd': 0.9, 'mu': 0.1}",0.0,0.0
119,119,R,3.0,"{'sb': 0.5, 'sd': 0.9, 'mu': 0.1}",0.0,0.0
120,120,R,3.0,"{'sb': 0.5, 'sd': 0.9, 'mu': 0.1}",0.0,0.0
121,121,R,3.0,"{'sb': 0.5, 'sd': 0.9, 'mu': 0.1}",0.0,0.0
122,122,R,3.0,"{'sb': 0.5, 'sd': 0.9, 'mu': 0.1}",0.0,0.0
123,123,R,3.0,"{'sb': 0.5, 'sd': 0.9, 'mu': 0.1}",0.0,0.0
124,124,R,3.0,"{'sb': 0.5, 'sd': 0.05, 'mu': 0.1}",0.0,2.0
125,125,R,3.0,"{'sb': 0.5, 'sd': 0.9, 'mu': 0.1}",0.0,0.0
126,126,R,3.0,"{'sb': 0.5, 'sd': 0.9, 'mu': 0.1}",0.0,0.0
127,127,R,3.0,"{'sb': 0.5, 'sd': 0.9, 'mu': 0.1}",0.0,0.0
128,128,R,3.0,"{'sb': 0.5, 'sd': 0.9, 'mu': 0.1}",0.0,0.0
129,129,R,3.0,"{'sb': 0.5, 'sd': 0.9, 'mu': 0.1}",0.0,0.0
130,130,R,3.0,"{'sb': 0.5, 'sd': 0.9, 'mu': 0.1}",0.0,0.0
131,131,R,3.0,"{'sb': 0.5, 'sd': 0.9, 'mu': 0.1}",0.0,0.0
132,132,R,3.0,"{'sb': 0.5, 'sd': 0.9, 'mu': 0.1}",0.0,0.0
133,133,R,3.0,"{'sb': 0.5, 'sd': 0.9, 'mu': 0.1}",0.0,0.0
134,134,R,3.0,"{'sb': 0.5, 'sd': 0.9, 'mu': 0.1}",0.0,0.0
135,135,R,3.0,"{'sb': 0.5, 'sd': 0.9, 'mu': 0.1}",0.0,0.0
136,136,R,3.0,"{'sb': 0.5, 'sd': 0.9, 'mu': 0.1}",0.0,0.0
137,137,R,22.0,"{'sb': 0.5, 'sd': 0.05, 'mu': 0.1}",0.0,5.0
138,138,R,3.0,"{'sb': 0.5, 'sd': 0.9, 'mu': 0.1}",0.0,0.0
139,139,R,3.0,"{'sb': 0.5, 'sd': 0.9, 'mu': 0.1}",0.0,0.0
140,140,R,3.0,"{'sb': 0.5, 'sd': 0.9, 'mu': 0.1}",0.0,0.0
141,141,R,43.0,"{'sb': 0.5, 'sd': 0.05, 'mu': 0.1}",0.0,5.0
142,142,R,3.0,"{'sb': 0.5, 'sd': 0.9, 'mu': 0.1}",0.0,0.0
143,143,R,3.0,"{'sb': 0.5, 'sd': 0.9, 'mu': 0.1}",0.0,0.0
144,144,R,3.0,"{'sb': 0.5, 'sd': 0.9, 'mu': 0.1}",0.0,0.0
145,145,R,3.0,"{'sb': 0.5, 'sd': 0.05, 'mu': 0.1}",0.0,2.0
146,146,R,3.0,"{'sb': 0.5, 'sd': 0.9, 'mu': 0.1}",0.0,0.0
147,147,R,3.0,"{'sb': 0.5, 'sd': 0.9, 'mu': 0.1}",0.0,0.0
148,148,R,3.0,"{'sb': 0.5, 'sd': 0.9, 'mu': 0.1}",0.0,0.0
149,149,R,3.0,"{'sb': 0.5, 'sd': 0.9, 'mu': 0.1}",0.0,0.0
150,150,R,3.0,"{'sb': 0.5, 'sd': 0.9, 'mu': 0.1}",0.0,0.0
151,151,R,3.0,"{'sb': 0.5, 'sd': 0.9, 'mu': 0.1}",0.0,0.0
152,152,R,3.0,"{'sb': 0.5, 'sd': 0.9, 'mu': 0.1}",0.0,0.0
153,153,R,3.0,"{'sb': 0.5, 'sd': 0.9, 'mu': 0.1}",0.0,0.0
154,154,R,3.0,"{'sb': 0.5, 'sd': 0.9, 'mu': 0.1}",0.0,0.0
155,155,R,3.0,"{'sb': 0.5, 'sd': 0.9, 'mu': 0.1}",0.0,0.0
156,156,R,3.0,"{'sb': 0.5, 'sd': 0.9, 'mu': 0.1}",0.0,0.0
157,157,R,3.0,"{'sb': 0.5, 'sd': 0.9, 'mu': 0.1}",0.0,0.0
158,158,R,3.0,"{'sb': 0.5, 'sd': 0.9, 'mu': 0.1}",0.0,0.0
159,159,R,3.0,"{'sb': 0.5, 'sd': 0.9, 'mu': 0.1}",0.0,0.0
160,160,R,3.0,"{'sb': 0.5, 'sd': 0.9, 'mu': 0.1}",0.0,0.0
161,161,R,3.0,"{'sb': 0.5, 'sd': 0.9, 'mu': 0.1}",0.0,0.0
162,162,R,3.0,"{'sb': 0.5, 'sd': 0.9, 'mu': 0.1}",0.0,0.0
163,163,R,3.0,"{'sb': 0.5, 'sd': 0.9, 'mu': 0.1}",0.0,0.0
164,164,R,3.0,"{'sb': 0.5, 'sd': 0.9, 'mu': 0.1}",0.0,0.0
165,165,R,3.0,"{'sb': 0.5, 'sd': 0.9, 'mu': 0.1}",0.0,0.0
166,166,R,3.0,"{'sb': 0.5, 'sd': 0.9, 'mu': 0.1}",0.0,0.0
167,167,R,3.0,"{'sb': 0.5, 'sd': 0.9, 'mu': 0.1}",0.0,0.0
168,168,R,3.0,"{'sb': 0.5, 'sd': 0.9, 'mu': 0.1}",0.0,0.0
169,169,R,3.0,"{'sb': 0.5, 'sd': 0.9, 'mu': 0.1}",0.0,0.0
170,170,R,3.0,"{'sb': 0.5, 'sd': 0.9, 'mu': 0.1}",0.0,0.0
171,171,R,8.0,"{'sb': 0.5, 'sd': 0.05, 'mu': 0.1}",0.0,5.0
172,172,R,3.0,"{'sb': 0.5, 'sd': 0.9, 'mu': 0.1}",0.0,0.0
173,173,R,3.0,"{'sb': 0.5, 'sd': 0.9, 'mu': 0.1}",0.0,0.0
174,174,R,3.0,"{'sb': 0.5, 'sd': 0.9, 'mu': 0.1}",0.0,0.0
175,175,R,3.0,"{'sb': 0.5, 'sd': 0.9, 'mu': 0.1}",0.0,0.0
176,176,R,3.0,"{'sb': 0.5, 'sd': 0.9, 'mu': 0.1}",0.0,0.0
177,177,R,3.0,"{'sb': 0.5, 'sd': 0.9, 'mu': 0.1}",0.0,0.0
178,178,R,3.0,"{'sb': 0.5, 'sd': 0.9, 'mu': 0.1}",0.0,0.0
179,179,R,3.0,"{'sb': 0.5, 'sd': 0.05, 'mu': 0.1}",0.0,3.0
180,180,R,3.0,"{'sb': 0.5, 'sd': 0.9, 'mu': 0.1}",0.0,0.0
181,181,R,3.0,"{'sb': 0.5, 'sd': 0.9, 'mu': 0.1}",0.0,0.0
182,182,R,3.0,"{'sb': 0.5, 'sd': 0.9, 'mu': 0.1}",0.0,0.0
183,183,R,3.0,"{'sb': 0.5, 'sd': 0.9, 'mu': 0.1}",0.0,0.0
184,184,R,3.0,"{'sb': 0.5, 'sd': 0.9, 'mu': 0.1}",0.0,0.0
185,185,E,6.0,"{'sb': 0.5, 'sd': 0.05, 'mu': 0.1}",-102.0,5.0
186,186,R,3.0,"{'sb': 0.5, 'sd': 0.9, 'mu': 0.1}",0.0,0.0
187,187,R,3.0,"{'sb': 0.5, 'sd': 0.05, 'mu': 0.1}",0.0,0.0
188,188,R,3.0,"{'sb': 0.5, 'sd': 0.9, 'mu': 0.1}",0.0,0.0
189,189,R,3.0,"{'sb': 0.5, 'sd': 0.9, 'mu': 0.1}",0.0,0.0
190,190,R,3.0,"{'sb': 0.5, 'sd': 0.9, 'mu': 0.1}",0.0,0.0
191,191,R,3.0,"{'sb': 0.5, 'sd': 0.9, 'mu': 0.1}",0.0,0.0
192,192,R,3.0,"{'sb': 0.5, 'sd': 0.9, 'mu': 0.1}",0.0,0.0
193,193,R,3.0,"{'sb': 0.5, 'sd': 0.9, 'mu': 0.1}",0.0,0.0
194,194,R,3.0,"{'sb': 0.5, 'sd': 0.9, 'mu': 0.1}",0.0,0.0
195,195,R,3.0,"{'sb': 0.5, 'sd': 0.9, 'mu': 0.1}",0.0,0.0
196,196,R,3.0,"{'sb': 0.5, 'sd': 0.9, 'mu': 0.1}",0.0,0.0
197,197,R,3.0,"{'sb': 0.5, 'sd': 0.9, 'mu': 0.1}",0.0,0.0
198,198,R,3.0,"{'sb': 0.5, 'sd': 0.9, 'mu': 0.1}",0.0,0.0
199,199,R,3.0,"{'sb': 0.5, 'sd': 0.9, 'mu': 0.1}",0.0,0.0
200,200,R,3.0,"{'sb': 0.5, 'sd': 0.9, 'mu': 0.1}",0.0,0.0
201,201,R,3.0,"{'sb': 0.5, 'sd': 0.9, 'mu': 0.1}",0.0,0.0
202,202,R,3.0,"{'sb': 0.5, 'sd': 0.05, 'mu': 0.1}",0.0,5.0
203,203,R,3.0,"{'sb': 0.5, 'sd': 0.9, 'mu': 0.1}",0.0,0.0
204,204,R,3.0,"{'sb': 0.5, 'sd': 0.9, 'mu': 0.1}",0.0,0.0
205,205,R,3.0,"{'sb': 0.5, 'sd': 0.9, 'mu': 0.1}",0.0,0.0
206,206,R,3.0,"{'sb': 0.5, 'sd': 0.9, 'mu': 0.1}",0.0,0.0
207,207,R,3.0,"{'sb': 0.5, 'sd': 0.9, 'mu': 0.1}",0.0,0.0
208,208,R,3.0,"{'sb': 0.5, 'sd': 0.9, 'mu': 0.1}",0.0,0.0
209,209,R,3.0,"{'sb': 0.5, 'sd': 0.9, 'mu': 0.1}",0.0,0.0
210,210,R,3.0,"{'sb': 0.5, 'sd': 0.9, 'mu': 0.1}",0.0,0.0
211,211,R,3.0,"{'sb': 0.5, 'sd': 0.9, 'mu': 0.1}",0.0,0.0
212,212,E,3.0,"{'sb': 0.5, 'sd': 0.05, 'mu': 0.1}",-94.0,5.0
213,213,R,3.0,"{'sb': 0.5, 'sd': 0.9, 'mu': 0.1}",0.0,0.0
214,214,R,3.0,"{'sb': 0.5, 'sd': 0.9, 'mu': 0.1}",0.0,0.0
215,215,R,3.0,"{'sb': 0.5, 'sd': 0.9, 'mu': 0.1}",0.0,0.0
216,216,R,3.0,"{'sb': 0.5, 'sd': 0.9, 'mu': 0.1}",0.0,0.0
217,217,R,3.0,"{'sb': 0.5, 'sd': 0.9, 'mu': 0.1}",0.0,0.0
218,218,R,3.0,"{'sb': 0.5, 'sd': 0.9, 'mu': 0.1}",0.0,0.0
219,219,R,3.0,"{'sb': 0.5, 'sd': 0.9, 'mu': 0.1}",0.0,0.0
220,220,R,51.0,"{'sb': 0.5, 'sd': 0.05, 'mu': 0.1}",0.0,5.0
221,221,R,3.0,"{'sb': 0.5, 'sd': 0.9, 'mu': 0.1}",0.0,0.0
222,222,R,3.0,"{'sb': 0.5, 'sd': 0.9, 'mu': 0.1}",0.0,0.0
223,223,R,3.0,"{'sb': 0.5, 'sd': 0.9, 'mu': 0.1}",0.0,0.0
224,224,R,3.0,"{'sb': 0.5, 'sd': 0.9, 'mu': 0.1}",0.0,0.0
225,225,R,3.0,"{'sb': 0.5, 'sd': 0.9, 'mu': 0.1}",0.0,0.0
226,226,R,3.0,"{'sb': 0.5, 'sd': 0.9, 'mu': 0.1}",0.0,0.0
227,227,R,3.0,"{'sb': 0.5, 'sd': 0.9, 'mu': 0.1}",0.0,0.0
228,228,R,3.0,"{'sb': 0.5, 'sd': 0.9, 'mu': 0.1}",0.0,0.0
229,229,R,3.0,"{'sb': 0.5, 'sd': 0.9, 'mu': 0.1}",0.0,0.0
230,230,R,3.0,"{'sb': 0.5, 'sd': 0.9, 'mu': 0.1}",0.0,0.0
231,231,R,3.0,"{'sb': 0.5, 'sd': 0.9, 'mu': 0.1}",0.0,0.0
232,232,R,3.0,"{'sb': 0.5, 'sd': 0.9, 'mu': 0.1}",0.0,0.0
233,233,R,3.0,"{'sb': 0.5, 'sd': 0.9, 'mu': 0.1}",0.0,0.0
234,234,R,3.0,"{'sb': 0.5, 'sd': 0.9, 'mu': 0.1}",0.0,0.0
235,235,R,3.0,"{'sb': 0.5, 'sd': 0.9, 'mu': 0.1}",0.0,0.0
236,236,R,3.0,"{'sb': 0.5, 'sd': 0.9, 'mu': 0.1}",0.0,0.0
237,237,E,82.0,"{'sb': 0.5, 'sd': 0.05, 'mu': 0.1}",-100.0,5.0
238,238,R,3.0,"{'sb': 0.5, 'sd': 0.05, 'mu': 0.1}",0.0,2.0
239,239,R,3.0,"{'sb': 0.5, 'sd': 0.9, 'mu': 0.1}",0.0,0.0
240,240,R,3.0,"{'sb': 0.5, 'sd': 0.9, 'mu': 0.1}",0.0,0.0
241,241,R,75.0,"{'sb': 0.5, 'sd': 0.05, 'mu': 0.1}",0.0,5.0
242,242,R,3.0,"{'sb': 0.5, 'sd': 0.9, 'mu': 0.1}",0.0,0.0
243,243,R,3.0,"{'sb': 0.5, 'sd': 0.9, 'mu': 0.1}",0.0,0.0
244,244,R,3.0,"{'sb': 0.5, 'sd': 0.9, 'mu': 0.1}",0.0,0.0
245,245,R,3.0,"{'sb': 0.5, 'sd': 0.9, 'mu': 0.1}",0.0,0.0
246,246,R,3.0,"{'sb': 0.5, 'sd': 0.9, 'mu': 0.1}",0.0,0.0
247,247,R,3.0,"{'sb': 0.5, 'sd': 0.05, 'mu': 0.1}",0.0,1.0
248,248,R,3.0,"{'sb': 0.5, 'sd': 0.9, 'mu': 0.1}",0.0,0.0
249,249,R,3.0,"{'sb': 0.5, 'sd': 0.9, 'mu': 0.1}",0.0,0.0
250,250,E,3.0,"{'sb': 0.5, 'sd': 0.05, 'mu': 0.1}",-94.0,5.0
251,251,R,3.0,"{'sb': 0.5, 'sd': 0.05, 'mu': 0.1}",0.0,5.0
252,252,R,3.0,"{'sb': 0.5, 'sd': 0.9, 'mu': 0.1}",0.0,0.0
253,253,R,3.0,"{'sb': 0.5, 'sd': 0.9, 'mu': 0.1}",0.0,0.0
254,254,R,3.0,"{'sb': 0.5, 'sd': 0.9, 'mu': 0.1}",0.0,0.0
255,255,R,3.0,"{'sb': 0.5, 'sd': 0.9, 'mu': 0.1}",0.0,0.0
256,256,R,3.0,"{'sb': 0.5, 'sd': 0.9, 'mu': 0.1}",0.0,0.0
257,257,R,3.0,"{'sb': 0.5, 'sd': 0.9, 'mu': 0.1}",0.0,0.0
258,258,R,3.0,"{'sb': 0.5, 'sd': 0.9, 'mu': 0.1}",0.0,0.0
259,259,R,3.0,"{'sb': 0.5, 'sd': 0.9, 'mu': 0.1}",0.0,0.0
260,260,R,3.0,"{'sb': 0.5, 'sd': 0.9, 'mu': 0.1}",0.0,0.0
261,261,R,3.0,"{'sb': 0.5, 'sd': 0.9, 'mu': 0.1}",0.0,0.0
262,262,R,3.0,"{'sb': 0.5, 'sd': 0.9, 'mu': 0.1}",0.0,0.0
263,263,R,3.0,"{'sb': 0.5, 'sd': 0.9, 'mu': 0.1}",0.0,0.0
264,264,R,27.0,"{'sb': 0.5, 'sd': 0.05, 'mu': 0.1}",0.0,5.0
265,265,R,3.0,"{'sb': 0.5, 'sd': 0.9, 'mu': 0.1}",0.0,0.0
266,266,R,3.0,"{'sb': 0.5, 'sd': 0.9, 'mu': 0.1}",0.0,0.0
267,267,R,33.0,"{'sb': 0.5, 'sd': 0.05, 'mu': 0.1}",0.0,5.0
268,268,R,3.0,"{'sb': 0.5, 'sd': 0.9, 'mu': 0.1}",0.0,0.0
269,269,R,3.0,"{'sb': 0.5, 'sd': 0.9, 'mu': 0.1}",0.0,0.0
270,270,R,3.0,"{'sb': 0.5, 'sd': 0.9, 'mu': 0.1}",0.0,0.0
271,271,R,3.0,"{'sb': 0.5, 'sd': 0.9, 'mu': 0.1}",0.0,0.0
272,272,R,3.0,"{'sb': 0.5, 'sd': 0.9, 'mu': 0.1}",0.0,0.0
273,273,R,3.0,"{'sb': 0.5, 'sd': 0.9, 'mu': 0.1}",0.0,0.0
274,274,R,3.0,"{'sb': 0.5, 'sd': 0.9, 'mu': 0.1}",0.0,0.0
275,275,R,3.0,"{'sb': 0.5, 'sd': 0.05, 'mu': 0.1}",0.0,3.0
276,276,R,3.0,"{'sb': 0.5, 'sd': 0.9, 'mu': 0.1}",0.0,0.0
277,277,R,3.0,"{'sb': 0.5, 'sd': 0.9, 'mu': 0.1}",0.0,0.0
278,278,R,3.0,"{'sb': 0.5, 'sd': 0.9, 'mu': 0.1}",0.0,0.0
279,279,R,3.0,"{'sb': 0.5, 'sd': 0.9, 'mu': 0.1}",0.0,0.0
280,280,R,3.0,"{'sb': 0.5, 'sd': 0.9, 'mu': 0.1}",0.0,0.0
281,281,R,3.0,"{'sb': 0.5, 'sd': 0.9, 'mu': 0.1}",0.0,0.0
282,282,R,3.0,"{'sb': 0.5, 'sd': 0.9, 'mu': 0.1}",0.0,0.0
283,283,R,3.0,"{'sb': 0.5, 'sd': 0.9, 'mu': 0.1}",0.0,0.0
284,284,R,3.0,"{'sb': 0.5, 'sd': 0.9, 'mu': 0.1}",0.0,0.0
285,285,R,3.0,"{'sb': 0.5, 'sd': 0.9, 'mu': 0.1}",0.0,0.0
286,286,R,3.0,"{'sb': 0.5, 'sd': 0.9, 'mu': 0.1}",0.0,0.0
287,287,R,3.0,"{'sb': 0.5, 'sd': 0.9, 'mu': 0.1}",0.0,0.0
288,288,R,75.0,"{'sb': 0.5, 'sd': 0.05, 'mu': 0.1}",0.0,5.0
289,289,R,3.0,"{'sb': 0.5, 'sd': 0.9, 'mu': 0.1}",0.0,0.0
290,290,R,3.0,"{'sb': 0.5, 'sd': 0.9, 'mu': 0.1}",0.0,0.0
291,291,R,3.0,"{'sb': 0.5, 'sd': 0.9, 'mu': 0.1}",0.0,0.0
292,292,R,3.0,"{'sb': 0.5, 'sd': 0.9, 'mu': 0.1}",0.0,0.0
293,293,R,3.0,"{'sb': 0.5, 'sd': 0.9, 'mu': 0.1}",0.0,0.0
294,294,R,3.0,"{'sb': 0.5, 'sd': 0.9, 'mu': 0.1}",0.0,0.0
295,295,R,3.0,"{'sb': 0.5, 'sd': 0.9, 'mu': 0.1}",0.0,0.0
296,296,R,3.0,"{'sb': 0.5, 'sd': 0.9, 'mu': 0.1}",0.0,0.0
297,297,R,3.0,"{'sb': 0.5, 'sd': 0.9, 'mu': 0.1}",0.0,0.0
298,298,R,3.0,"{'sb': 0.5, 'sd': 0.9, 'mu': 0.1}",0.0,0.0
299,299,R,3.0,"{'sb': 0.5, 'sd': 0.9, 'mu': 0.1}",0.0,0.0
300,300,R,3.0,"{'sb': 0.5, 'sd': 0.9, 'mu': 0.1}",0.0,0.0
301,301,R,3.0,"{'sb': 0.5, 'sd': 0.9, 'mu': 0.1}",0.0,0.0
302,302,R,3.0,"{'sb': 0.5, 'sd': 0.9, 'mu': 0.1}",0.0,0.0
303,303,R,3.0,"{'sb': 0.5, 'sd': 0.9, 'mu': 0.1}",0.0,0.0
304,304,R,3.0,"{'sb': 0.5, 'sd': 0.05, 'mu': 0.1}",0.0,3.0
305,305,R,3.0,"{'sb': 0.5, 'sd': 0.9, 'mu': 0.1}",0.0,0.0
306,306,R,3.0,"{'sb': 0.5, 'sd': 0.9, 'mu': 0.1}",0.0,0.0
307,307,R,3.0,"{'sb': 0.5, 'sd': 0.9, 'mu': 0.1}",0.0,0.0
308,308,R,3.0,"{'sb': 0.5, 'sd': 0.9, 'mu': 0.1}",0.0,0.0
309,309,R,3.0,"{'sb': 0.5, 'sd': 0.9, 'mu': 0.1}",0.0,0.0
310,310,R,3.0,"{'sb': 0.5, 'sd': 0.05, 'mu': 0.1}",0.0,5.0
311,311,E,6.0,"{'sb': 0.5, 'sd': 0.05, 'mu': 0.1}",-118.0,5.0
312,312,R,3.0,"{'sb': 0.5, 'sd': 0.9, 'mu': 0.1}",0.0,0.0
313,313,R,3.0,"{'sb': 0.5, 'sd': 0.9, 'mu': 0.1}",0.0,0.0
314,314,R,3.0,"{'sb': 0.5, 'sd': 0.9, 'mu': 0.1}",0.0,0.0
315,315,R,3.0,"{'sb': 0.5, 'sd': 0.9, 'mu': 0.1}",0.0,0.0
316,316,R,3.0,"{'sb': 0.5, 'sd': 0.9, 'mu': 0.1}",0.0,0.0
317,317,R,3.0,"{'sb': 0.5, 'sd': 0.9, 'mu': 0.1}",0.0,0.0
318,318,R,3.0,"{'sb': 0.5, 'sd': 0.9, 'mu': 0.1}",0.0,0.0
319,319,R,3.0,"{'sb': 0.5, 'sd': 0.9, 'mu': 0.1}",0.0,0.0
320,320,R,3.0,"{'sb': 0.5, 'sd': 0.9, 'mu': 0.1}",0.0,0.0
321,321,R,3.0,"{'sb': 0.5, 'sd': 0.9, 'mu': 0.1}",0.0,0.0
322,322,R,9.0,"{'sb': 0.5, 'sd': 0.05, 'mu': 0.1}",0.0,5.0
323,323,R,3.0,"{'sb': 0.5, 'sd': 0.05, 'mu': 0.1}",0.0,5.0
324,324,R,3.0,"{'sb': 0.5, 'sd': 0.9, 'mu': 0.1}",0.0,0.0
325,325,R,3.0,"{'sb': 0.5, 'sd': 0.9, 'mu': 0.1}",0.0,0.0
326,326,R,3.0,"{'sb': 0.5, 'sd': 0.9, 'mu': 0.1}",0.0,0.0
327,327,R,3.0,"{'sb': 0.5, 'sd': 0.9, 'mu': 0.1}",0.0,0.0
328,328,R,3.0,"{'sb': 0.5, 'sd': 0.9, 'mu': 0.1}",0.0,0.0
329,329,R,3.0,"{'sb': 0.5, 'sd': 0.9, 'mu': 0.1}",0.0,0.0
330,330,R,3.0,"{'sb': 0.5, 'sd': 0.9, 'mu': 0.1}",0.0,0.0
331,331,R,3.0,"{'sb': 0.5, 'sd': 0.9, 'mu': 0.1}",0.0,0.0
332,332,R,3.0,"{'sb': 0.5, 'sd': 0.9, 'mu': 0.1}",0.0,0.0
333,333,R,3.0,"{'sb': 0.5, 'sd': 0.9, 'mu': 0.1}",0.0,0.0
334,334,R,3.0,"{'sb': 0.5, 'sd': 0.9, 'mu': 0.1}",0.0,0.0
335,335,R,3.0,"{'sb': 0.5, 'sd': 0.9, 'mu': 0.1}",0.0,0.0
336,336,R,3.0,"{'sb': 0.5, 'sd': 0.9, 'mu': 0.1}",0.0,0.0
337,337,R,3.0,"{'sb': 0.5, 'sd': 0.9, 'mu': 0.1}",0.0,0.0
338,338,R,3.0,"{'sb': 0.5, 'sd': 0.9, 'mu': 0.1}",0.0,0.0
339,339,R,3.0,"{'sb': 0.5, 'sd': 0.9, 'mu': 0.1}",0.0,0.0
340,340,R,3.0,"{'sb': 0.5, 'sd': 0.9, 'mu': 0.1}",0.0,0.0
341,341,R,3.0,"{'sb': 0.5, 'sd': 0.9, 'mu': 0.1}",0.0,0.0
342,342,R,3.0,"{'sb': 0.5, 'sd': 0.9, 'mu': 0.1}",0.0,0.0
343,343,R,3.0,"{'sb': 0.5, 'sd': 0.9, 'mu': 0.1}",0.0,0.0
344,344,R,3.0,"{'sb': 0.5, 'sd': 0.9, 'mu': 0.1}",0.0,0.0
345,345,R,3.0,"{'sb': 0.5, 'sd': 0.9, 'mu': 0.1}",0.0,0.0
346,346,R,3.0,"{'sb': 0.5, 'sd': 0.9, 'mu': 0.1}",0.0,0.0
347,347,R,3.0,"{'sb': 0.5, 'sd': 0.9, 'mu': 0.1}",0.0,0.0
348,348,R,3.0,"{'sb': 0.5, 'sd': 0.9, 'mu': 0.1}",0.0,0.0
349,349,R,3.0,"{'sb': 0.5, 'sd': 0.9, 'mu': 0.1}",0.0,0.0
350,350,R,3.0,"{'sb': 0.5, 'sd': 0.9, 'mu': 0.1}",0.0,0.0
351,351,R,3.0,"{'sb': 0.5, 'sd': 0.9, 'mu': 0.1}",0.0,0.0
352,352,R,3.0,"{'sb': 0.5, 'sd': 0.9, 'mu': 0.1}",0.0,0.0
353,353,E,15.0,"{'sb': 0.5, 'sd': 0.05, 'mu': 0.1}",-109.0,5.0
354,354,R,6.0,"{'sb': 0.5, 'sd': 0.05, 'mu': 0.1}",0.0,5.0
355,355,R,3.0,"{'sb': 0.5, 'sd': 0.9, 'mu': 0.1}",0.0,0.0
356,356,R,3.0,"{'sb': 0.5, 'sd': 0.9, 'mu': 0.1}",0.0,0.0
357,357,R,3.0,"{'sb': 0.5, 'sd': 0.05, 'mu': 0.1}",0.0,5.0
358,358,R,3.0,"{'sb': 0.5, 'sd': 0.9, 'mu': 0.1}",0.0,0.0
359,359,R,3.0,"{'sb': 0.5, 'sd': 0.9, 'mu': 0.1}",0.0,0.0
360,360,R,3.0,"{'sb': 0.5, 'sd': 0.9, 'mu': 0.1}",0.0,0.0
361,361,R,3.0,"{'sb': 0.5, 'sd': 0.9, 'mu': 0.1}",0.0,0.0
362,362,R,3.0,"{'sb': 0.5, 'sd': 0.9, 'mu': 0.1}",0.0,0.0
363,363,R,3.0,"{'sb': 0.5, 'sd': 0.9, 'mu': 0.1}",0.0,0.0
364,364,R,3.0,"{'sb': 0.5, 'sd': 0.9, 'mu': 0.1}",0.0,0.0
365,365,R,3.0,"{'sb': 0.5, 'sd': 0.9, 'mu': 0.1}",0.0,0.0
366,366,R,3.0,"{'sb': 0.5, 'sd': 0.9, 'mu': 0.1}",0.0,0.0
367,367,R,3.0,"{'sb': 0.5, 'sd': 0.9, 'mu': 0.1}",0.0,0.0
368,368,R,3.0,"{'sb': 0.5, 'sd': 0.9, 'mu': 0.1}",0.0,0.0
369,369,R,3.0,"{'sb': 0.5, 'sd': 0.9, 'mu': 0.1}",0.0,0.0
370,370,R,3.0,"{'sb': 0.5, 'sd': 0.9, 'mu': 0.1}",0.0,0.0
371,371,R,3.0,"{'sb': 0.5, 'sd': 0.9, 'mu': 0.1}",0.0,0.0
372,372,R,3.0,"{'sb': 0.5, 'sd': 0.9, 'mu': 0.1}",0.0,0.0
373,373,R,3.0,"{'sb': 0.5, 'sd': 0.9, 'mu': 0.1}",0.0,0.0
374,374,R,3.0,"{'sb': 0.5, 'sd': 0.9, 'mu': 0.1}",0.0,0.0
375,375,R,3.0,"{'sb': 0.5, 'sd': 0.9, 'mu': 0.1}",0.0,0.0
376,376,R,3.0,"{'sb': 0.5, 'sd': 0.9, 'mu': 0.1}",0.0,0.0
377,377,R,3.0,"{'sb': 0.5, 'sd': 0.9, 'mu': 0.1}",0.0,0.0
378,378,R,3.0,"{'sb': 0.5, 'sd': 0.9, 'mu': 0.1}",0.0,0.0
379,379,R,3.0,"{'sb': 0.5, 'sd': 0.9, 'mu': 0.1}",0.0,0.0
380,380,R,3.0,"{'sb': 0.5, 'sd': 0.9, 'mu': 0.1}",0.0,0.0
381,381,R,3.0,"{'sb': 0.5, 'sd': 0.9, 'mu': 0.1}",0.0,0.0
382,382,R,3.0,"{'sb': 0.5, 'sd': 0.9, 'mu': 0.1}",0.0,0.0
383,383,R,3.0,"{'sb': 0.5, 'sd': 0.9, 'mu': 0.1}",0.0,0.0
384,384,R,3.0,"{'sb': 0.5, 'sd': 0.9, 'mu': 0.1}",0.0,0.0
385,385,R,3.0,"{'sb': 0.5, 'sd': 0.9, 'mu': 0.1}",0.0,0.0
386,386,R,3.0,"{'sb': 0.5, 'sd': 0.9, 'mu': 0.1}",0.0,0.0
387,387,E,74.0,"{'sb': 0.5, 'sd': 0.05, 'mu': 0.1}",-96.0,5.0
388,388,E,22.0,"{'sb': 0.5, 'sd': 0.05, 'mu': 0.1}",-100.0,5.0
389,389,R,3.0,"{'sb': 0.5, 'sd': 0.9, 'mu': 0.1}",0.0,0.0
390,390,R,3.0,"{'sb': 0.5, 'sd': 0.9, 'mu': 0.1}",0.0,0.0
391,391,R,3.0,"{'sb': 0.5, 'sd': 0.9, 'mu': 0.1}",0.0,0.0
392,392,R,3.0,"{'sb': 0.5, 'sd': 0.9, 'mu': 0.1}",0.0,0.0
393,393,R,3.0,"{'sb': 0.5, 'sd': 0.9, 'mu': 0.1}",0.0,0.0
394,394,R,3.0,"{'sb': 0.5, 'sd': 0.9, 'mu': 0.1}",0.0,0.0
395,395,R,3.0,"{'sb': 0.5, 'sd': 0.9, 'mu': 0.1}",0.0,0.0
396,396,R,3.0,"{'sb': 0.5, 'sd': 0.9, 'mu': 0.1}",0.0,0.0
397,397,R,3.0,"{'sb': 0.5, 'sd': 0.9, 'mu': 0.1}",0.0,0.0
398,398,R,3.0,"{'sb': 0.5, 'sd': 0.9, 'mu': 0.1}",0.0,0.0
399,399,R,3.0,"{'sb': 0.5, 'sd': 0.9, 'mu': 0.1}",0.0,0.0
400,400,R,3.0,"{'sb': 0.5, 'sd': 0.9, 'mu': 0.1}",0.0,0.0
401,401,R,3.0,"{'sb': 0.5, 'sd': 0.9, 'mu': 0.1}",0.0,0.0
402,402,R,3.0,"{'sb': 0.5, 'sd': 0.9, 'mu': 0.1}",0.0,0.0
403,403,R,3.0,"{'sb': 0.5, 'sd': 0.9, 'mu': 0.1}",0.0,0.0
404,404,R,3.0,"{'sb': 0.5, 'sd': 0.9, 'mu': 0.1}",0.0,0.0
405,405,R,3.0,"{'sb': 0.5, 'sd': 0.9, 'mu': 0.1}",0.0,0.0
406,406,R,3.0,"{'sb': 0.5, 'sd': 0.05, 'mu': 0.1}",0.0,5.0
407,407,R,3.0,"{'sb': 0.5, 'sd': 0.9, 'mu': 0.1}",0.0,0.0
408,408,R,3.0,"{'sb': 0.5, 'sd': 0.9, 'mu': 0.1}",0.0,0.0
409,409,R,3.0,"{'sb': 0.5, 'sd': 0.9, 'mu': 0.1}",0.0,0.0
410,410,R,48.0,"{'sb': 0.5, 'sd': 0.05, 'mu': 0.1}",0.0,5.0
411,411,R,3.0,"{'sb': 0.5, 'sd': 0.9, 'mu': 0.1}",0.0,0.0
412,412,E,8.0,"{'sb': 0.5, 'sd': 0.05, 'mu': 0.1}",-106.0,5.0
413,413,R,3.0,"{'sb': 0.5, 'sd': 0.9, 'mu': 0.1}",0.0,0.0
414,414,R,12.0,"{'sb': 0.5, 'sd': 0.05, 'mu': 0.1}",0.0,5.0
415,415,R,3.0,"{'sb': 0.5, 'sd': 0.9, 'mu': 0.1}",0.0,0.0
416,416,R,3.0,"{'sb': 0.5, 'sd': 0.9, 'mu': 0.1}",0.0,0.0
417,417,R,3.0,"{'sb': 0.5, 'sd': 0.9, 'mu': 0.1}",0.0,0.0
418,418,E,74.0,"{'sb': 0.5, 'sd': 0.05, 'mu': 0.1}",-101.0,5.0
419,419,R,3.0,"{'sb': 0.5, 'sd': 0.9, 'mu': 0.1}",0.0,0.0
420,420,R,3.0,"{'sb': 0.5, 'sd': 0.9, 'mu': 0.1}",0.0,0.0
421,421,R,3.0,"{'sb': 0.5, 'sd': 0.9, 'mu': 0.1}",0.0,0.0
422,422,R,3.0,"{'sb': 0.5, 'sd': 0.9, 'mu': 0.1}",0.0,0.0
423,423,R,15.0,"{'sb': 0.5, 'sd': 0.05, 'mu': 0.1}",0.0,5.0
424,424,R,3.0,"{'sb': 0.5, 'sd': 0.9, 'mu': 0.1}",0.0,0.0
425,425,R,3.0,"{'sb': 0.5, 'sd': 0.9, 'mu': 0.1}",0.0,0.0
426,426,R,3.0,"{'sb': 0.5, 'sd': 0.9, 'mu': 0.1}",0.0,0.0
427,427,R,3.0,"{'sb': 0.5, 'sd': 0.9, 'mu': 0.1}",0.0,0.0
428,428,R,55.0,"{'sb': 0.5, 'sd': 0.05, 'mu': 0.1}",0.0,5.0
429,429,R,3.0,"{'sb': 0.5, 'sd': 0.9, 'mu': 0.1}",0.0,0.0
430,430,R,3.0,"{'sb': 0.5, 'sd': 0.9, 'mu': 0.1}",0.0,0.0
431,431,R,3.0,"{'sb': 0.5, 'sd': 0.9, 'mu': 0.1}",0.0,0.0
432,432,R,27.0,"{'sb': 0.5, 'sd': 0.05, 'mu': 0.1}",0.0,5.0
433,433,R,3.0,"{'sb': 0.5, 'sd': 0.9, 'mu': 0.1}",0.0,0.0
434,434,R,3.0,"{'sb': 0.5, 'sd': 0.9, 'mu': 0.1}",0.0,0.0
435,435,R,3.0,"{'sb': 0.5, 'sd': 0.9, 'mu': 0.1}",0.0,0.0
436,436,R,3.0,"{'sb': 0.5, 'sd': 0.9, 'mu': 0.1}",0.0,0.0
437,437,R,3.0,"{'sb': 0.5, 'sd': 0.9, 'mu': 0.1}",0.0,0.0
438,438,R,8.0,"{'sb': 0.5, 'sd': 0.05, 'mu': 0.1}",0.0,5.0
439,439,R,3.0,"{'sb': 0.5, 'sd': 0.9, 'mu': 0.1}",0.0,0.0
440,440,R,3.0,"{'sb': 0.5, 'sd': 0.9, 'mu': 0.1}",0.0,0.0
441,441,R,3.0,"{'sb': 0.5, 'sd': 0.9, 'mu': 0.1}",0.0,0.0
442,442,R,48.0,"{'sb': 0.5, 'sd': 0.05, 'mu': 0.1}",0.0,5.0
443,443,R,3.0,"{'sb': 0.5, 'sd': 0.9, 'mu': 0.1}",0.0,0.0
444,444,R,3.0,"{'sb': 0.5, 'sd': 0.9, 'mu': 0.1}",0.0,0.0
445,445,R,3.0,"{'sb': 0.5, 'sd': 0.9, 'mu': 0.1}",0.0,0.0
446,446,R,3.0,"{'sb': 0.5, 'sd': 0.9, 'mu': 0.1}",0.0,0.0
447,447,R,3.0,"{'sb': 0.5, 'sd': 0.9, 'mu': 0.1}",0.0,0.0
448,448,R,3.0,"{'sb': 0.5, 'sd': 0.9, 'mu': 0.1}",0.0,0.0
449,449,R,3.0,"{'sb': 0.5, 'sd': 0.9, 'mu': 0.1}",0.0,0.0
450,450,R,8.0,"{'sb': 0.5, 'sd': 0.05, 'mu': 0.1}",0.0,5.0
451,451,R,3.0,"{'sb': 0.5, 'sd': 0.05, 'mu': 0.1}",0.0,3.0
452,452,R,3.0,"{'sb': 0.5, 'sd': 0.9, 'mu': 0.1}",0.0,0.0
453,453,R,3.0,"{'sb': 0.5, 'sd': 0.9, 'mu': 0.1}",0.0,0.0
454,454,R,3.0,"{'sb': 0.5, 'sd': 0.05, 'mu': 0.1}",0.0,2.0
455,455,R,3.0,"{'sb': 0.5, 'sd': 0.9, 'mu': 0.1}",0.0,0.0
456,456,R,3.0,"{'sb': 0.5, 'sd': 0.9, 'mu': 0.1}",0.0,0.0
457,457,R,3.0,"{'sb': 0.5, 'sd': 0.9, 'mu': 0.1}",0.0,0.0
458,458,R,3.0,"{'sb': 0.5, 'sd': 0.9, 'mu': 0.1}",0.0,0.0
459,459,R,3.0,"{'sb': 0.5, 'sd': 0.05, 'mu': 0.1}",0.0,3.0
460,460,R,3.0,"{'sb': 0.5, 'sd': 0.9, 'mu': 0.1}",0.0,0.0
461,461,R,6.0,"{'sb': 0.5, 'sd': 0.05, 'mu': 0.1}",0.0,5.0
462,462,R,3.0,"{'sb': 0.5, 'sd': 0.9, 'mu': 0.1}",0.0,0.0
463,463,R,3.0,"{'sb': 0.5, 'sd': 0.9, 'mu': 0.1}",0.0,0.0
464,464,R,3.0,"{'sb': 0.5, 'sd': 0.9, 'mu': 0.1}",0.0,0.0
465,465,R,3.0,"{'sb': 0.5, 'sd': 0.9, 'mu': 0.1}",0.0,0.0
466,466,R,3.0,"{'sb': 0.5, 'sd': 0.9, 'mu': 0.1}",0.0,0.0
467,467,R,3.0,"{'sb': 0.5, 'sd': 0.9, 'mu': 0.1}",0.0,0.0
468,468,R,3.0,"{'sb': 0.5, 'sd': 0.9, 'mu': 0.1}",0.0,0.0
469,469,R,3.0,"{'sb': 0.5, 'sd': 0.9, 'mu': 0.1}",0.0,0.0
470,470,R,3.0,"{'sb': 0.5, 'sd': 0.9, 'mu': 0.1}",0.0,0.0
471,471,E,3.0,"{'sb': 0.5, 'sd': 0.05, 'mu': 0.1}",-103.0,5.0
472,472,R,3.0,"{'sb': 0.5, 'sd': 0.9, 'mu': 0.1}",0.0,0.0
473,473,R,3.0,"{'sb': 0.5, 'sd': 0.9, 'mu': 0.1}",0.0,0.0
474,474,R,3.0,"{'sb': 0.5, 'sd': 0.9, 'mu': 0.1}",0.0,0.0
475,475,R,3.0,"{'sb': 0.5, 'sd': 0.9, 'mu': 0.1}",0.0,0.0
476,476,R,3.0,"{'sb': 0.5, 'sd': 0.9, 'mu': 0.1}",0.0,0.0
477,477,R,3.0,"{'sb': 0.5, 'sd': 0.9, 'mu': 0.1}",0.0,0.0
478,478,R,3.0,"{'sb': 0.5, 'sd': 0.9, 'mu': 0.1}",0.0,0.0
479,479,R,3.0,"{'sb': 0.5, 'sd': 0.9, 'mu': 0.1}",0.0,0.0
480,480,R,3.0,"{'sb': 0.5, 'sd': 0.9, 'mu': 0.1}",0.0,0.0
481,481,R,3.0,"{'sb': 0.5, 'sd': 0.9, 'mu': 0.1}",0.0,0.0
482,482,R,3.0,"{'sb': 0.5, 'sd': 0.9, 'mu': 0.1}",0.0,0.0
483,483,R,3.0,"{'sb': 0.5, 'sd': 0.9, 'mu': 0.1}",0.0,0.0
484,484,R,6.0,"{'sb': 0.5, 'sd': 0.05, 'mu': 0.1}",0.0,5.0
485,485,R,17.0,"{'sb': 0.5, 'sd': 0.05, 'mu': 0.1}",0.0,5.0
486,486,R,3.0,"{'sb': 0.5, 'sd': 0.9, 'mu': 0.1}",0.0,0.0
487,487,R,3.0,"{'sb': 0.5, 'sd': 0.9, 'mu': 0.1}",0.0,0.0
488,488,R,3.0,"{'sb': 0.5, 'sd': 0.9, 'mu': 0.1}",0.0,0.0
489,489,R,3.0,"{'sb': 0.5, 'sd': 0.9, 'mu': 0.1}",0.0,0.0
490,490,R,3.0,"{'sb': 0.5, 'sd': 0.9, 'mu': 0.1}",0.0,0.0
491,491,R,3.0,"{'sb': 0.5, 'sd': 0.9, 'mu': 0.1}",0.0,0.0
492,492,R,3.0,"{'sb': 0.5, 'sd': 0.05, 'mu': 0.1}",0.0,5.0
493,493,R,3.0,"{'sb': 0.5, 'sd': 0.9, 'mu': 0.1}",0.0,0.0
494,494,R,3.0,"{'sb': 0.5, 'sd': 0.9, 'mu': 0.1}",0.0,0.0
495,495,R,3.0,"{'sb': 0.5, 'sd': 0.9, 'mu': 0.1}",0.0,0.0
496,496,R,6.0,"{'sb': 0.5, 'sd': 0.05, 'mu': 0.1}",0.0,5.0
497,497,R,3.0,"{'sb': 0.5, 'sd': 0.9, 'mu': 0.1}",0.0,0.0
498,498,R,3.0,"{'sb': 0.5, 'sd': 0.9, 'mu': 0.1}",0.0,0.0
499,499,R,3.0,"{'sb': 0.5, 'sd': 0.9, 'mu': 0.1}",0.0,0.0
500,500,R,74.0,"{'sb': 0.5, 'sd': 0.05, 'mu': 0.1}",0.0,5.0
501,501,R,3.0,"{'sb': 0.5, 'sd': 0.9, 'mu': 0.1}",0.0,0.0
502,502,R,3.0,"{'sb': 0.5, 'sd': 0.9, 'mu': 0.1}",0.0,0.0
503,503,R,3.0,"{'sb': 0.5, 'sd': 0.9, 'mu': 0.1}",0.0,0.0
504,504,R,3.0,"{'sb': 0.5, 'sd': 0.9, 'mu': 0.1}",0.0,0.0
505,505,R,3.0,"{'sb': 0.5, 'sd': 0.9, 'mu': 0.1}",0.0,0.0
506,506,R,3.0,"{'sb': 0.5, 'sd': 0.9, 'mu': 0.1}",0.0,0.0
507,507,R,3.0,"{'sb': 0.5, 'sd': 0.9, 'mu': 0.1}",0.0,0.0
508,508,R,3.0,"{'sb': 0.5, 'sd': 0.9, 'mu': 0.1}",0.0,0.0
509,509,R,3.0,"{'sb': 0.5, 'sd': 0.05, 'mu': 0.1}",0.0,5.0
510,510,E,3.0,"{'sb': 0.5, 'sd': 0.05, 'mu': 0.1}",-105.0,5.0
511,511,R,3.0,"{'sb': 0.5, 'sd': 0.9, 'mu': 0.1}",0.0,0.0
512,512,R,44.0,"{'sb': 0.5, 'sd': 0.05, 'mu': 0.1}",0.0,5.0
513,513,R,3.0,"{'sb': 0.5, 'sd': 0.05, 'mu': 0.1}",0.0,5.0
514,514,R,3.0,"{'sb': 0.5, 'sd': 0.9, 'mu': 0.1}",0.0,0.0
515,515,R,3.0,"{'sb': 0.5, 'sd': 0.9, 'mu': 0.1}",0.0,0.0
516,516,R,3.0,"{'sb': 0.5, 'sd': 0.9, 'mu': 0.1}",0.0,0.0
517,517,R,3.0,"{'sb': 0.5, 'sd': 0.9, 'mu': 0.1}",0.0,0.0
518,518,R,3.0,"{'sb': 0.5, 'sd': 0.9, 'mu': 0.1}",0.0,0.0
519,519,R,3.0,"{'sb': 0.5, 'sd': 0.9, 'mu': 0.1}",0.0,0.0
520,520,R,3.0,"{'sb': 0.5, 'sd': 0.9, 'mu': 0.1}",0.0,0.0
521,521,R,3.0,"{'sb': 0.5, 'sd': 0.9, 'mu': 0.1}",0.0,0.0
522,522,R,3.0,"{'sb': 0.5, 'sd': 0.9, 'mu': 0.1}",0.0,0.0
523,523,R,3.0,"{'sb': 0.5, 'sd': 0.9, 'mu': 0.1}",0.0,0.0
524,524,R,3.0,"{'sb': 0.5, 'sd': 0.9, 'mu': 0.1}",0.0,0.0
525,525,R,3.0,"{'sb': 0.5, 'sd': 0.9, 'mu': 0.1}",0.0,0.0
526,526,R,3.0,"{'sb': 0.5, 'sd': 0.9, 'mu': 0.1}",0.0,0.0
527,527,R,3.0,"{'sb': 0.5, 'sd': 0.9, 'mu': 0.1}",0.0,0.0
528,528,R,3.0,"{'sb': 0.5, 'sd': 0.9, 'mu': 0.1}",0.0,0.0
529,529,R,3.0,"{'sb': 0.5, 'sd': 0.9, 'mu': 0.1}",0.0,0.0
530,530,R,3.0,"{'sb': 0.5, 'sd': 0.9, 'mu': 0.1}",0.0,0.0
531,531,R,3.0,"{'sb': 0.5, 'sd': 0.9, 'mu': 0.1}",0.0,0.0
532,532,R,48.0,"{'sb': 0.5, 'sd': 0.05, 'mu': 0.1}",0.0,5.0
533,533,R,3.0,"{'sb': 0.5, 'sd': 0.9, 'mu': 0.1}",0.0,0.0
534,534,R,3.0,"{'sb': 0.5, 'sd': 0.9, 'mu': 0.1}",0.0,0.0
535,535,R,3.0,"{'sb': 0.5, 'sd': 0.9, 'mu': 0.1}",0.0,0.0
536,536,R,3.0,"{'sb': 0.5, 'sd': 0.9, 'mu': 0.1}",0.0,0.0
537,537,R,3.0,"{'sb': 0.5, 'sd': 0.9, 'mu': 0.1}",0.0,0.0
538,538,R,3.0,"{'sb': 0.5, 'sd': 0.9, 'mu': 0.1}",0.0,0.0
539,539,R,3.0,"{'sb': 0.5, 'sd': 0.9, 'mu': 0.1}",0.0,0.0
540,540,R,3.0,"{'sb': 0.5, 'sd': 0.9, 'mu': 0.1}",0.0,0.0
541,541,E,6.0,"{'sb': 0.5, 'sd': 0.05, 'mu': 0.1}",-97.0,5.0
542,542,R,3.0,"{'sb': 0.5, 'sd': 0.9, 'mu': 0.1}",0.0,0.0
543,543,R,3.0,"{'sb': 0.5, 'sd': 0.9, 'mu': 0.1}",0.0,0.0
544,544,R,3.0,"{'sb': 0.5, 'sd': 0.9, 'mu': 0.1}",0.0,0.0
545,545,R,3.0,"{'sb': 0.5, 'sd': 0.9, 'mu': 0.1}",0.0,0.0
546,546,R,3.0,"{'sb': 0.5, 'sd': 0.9, 'mu': 0.1}",0.0,0.0
547,547,R,3.0,"{'sb': 0.5, 'sd': 0.05, 'mu': 0.1}",0.0,3.0
548,548,R,3.0,"{'sb': 0.5, 'sd': 0.9, 'mu': 0.1}",0.0,0.0
549,549,R,3.0,"{'sb': 0.5, 'sd': 0.9, 'mu': 0.1}",0.0,0.0
550,550,R,3.0,"{'sb': 0.5, 'sd': 0.9, 'mu': 0.1}",0.0,0.0
551,551,R,8.0,"{'sb': 0.5, 'sd': 0.05, 'mu': 0.1}",0.0,5.0
552,552,R,3.0,"{'sb': 0.5, 'sd': 0.9, 'mu': 0.1}",0.0,0.0
553,553,R,3.0,"{'sb': 0.5, 'sd': 0.9, 'mu': 0.1}",0.0,0.0
554,554,R,3.0,"{'sb': 0.5, 'sd': 0.9, 'mu': 0.1}",0.0,0.0
555,555,E,3.0,"{'sb': 0.5, 'sd': 0.05, 'mu': 0.1}",-115.0,5.0
556,556,R,3.0,"{'sb': 0.5, 'sd': 0.9, 'mu': 0.1}",0.0,0.0
557,557,R,3.0,"{'sb': 0.5, 'sd': 0.9, 'mu': 0.1}",0.0,0.0
558,558,R,3.0,"{'sb': 0.5, 'sd': 0.9, 'mu': 0.1}",0.0,0.0
559,559,R,3.0,"{'sb': 0.5, 'sd': 0.9, 'mu': 0.1}",0.0,0.0
560,560,R,3.0,"{'sb': 0.5, 'sd': 0.9, 'mu': 0.1}",0.0,0.0
561,561,R,3.0,"{'sb': 0.5, 'sd': 0.9, 'mu': 0.1}",0.0,0.0
562,562,R,27.0,"{'sb': 0.5, 'sd': 0.05, 'mu': 0.1}",0.0,5.0
563,563,R,3.0,"{'sb': 0.5, 'sd': 0.9, 'mu': 0.1}",0.0,0.0
564,564,R,3.0,"{'sb': 0.5, 'sd': 0.9, 'mu': 0.1}",0.0,0.0
565,565,R,46.0,"{'sb': 0.5, 'sd': 0.05, 'mu': 0.1}",0.0,5.0
566,566,R,3.0,"{'sb': 0.5, 'sd': 0.9, 'mu': 0.1}",0.0,0.0
567,567,R,3.0,"{'sb': 0.5, 'sd': 0.9, 'mu': 0.1}",0.0,0.0
568,568,R,3.0,"{'sb': 0.5, 'sd': 0.9, 'mu': 0.1}",0.0,0.0
569,569,R,3.0,"{'sb': 0.5, 'sd': 0.9, 'mu': 0.1}",0.0,0.0
570,570,R,3.0,"{'sb': 0.5, 'sd': 0.9, 'mu': 0.1}",0.0,0.0
571,571,R,3.0,"{'sb': 0.5, 'sd': 0.9, 'mu': 0.1}",0.0,0.0
572,572,R,12.0,"{'sb': 0.5, 'sd': 0.05, 'mu': 0.1}",0.0,5.0
573,573,R,3.0,"{'sb': 0.5, 'sd': 0.9, 'mu': 0.1}",0.0,0.0
574,574,R,3.0,"{'sb': 0.5, 'sd': 0.9, 'mu': 0.1}",0.0,0.0
575,575,E,27.0,"{'sb': 0.5, 'sd': 0.05, 'mu': 0.1}",-108.0,5.0
576,576,R,9.0,"{'sb': 0.5, 'sd': 0.05, 'mu': 0.1}",0.0,5.0
577,577,R,3.0,"{'sb': 0.5, 'sd': 0.9, 'mu': 0.1}",0.0,0.0
578,578,R,3.0,"{'sb': 0.5, 'sd': 0.9, 'mu': 0.1}",0.0,0.0
579,579,R,3.0,"{'sb': 0.5, 'sd': 0.9, 'mu': 0.1}",0.0,0.0
580,580,R,70.0,"{'sb': 0.5, 'sd': 0.05, 'mu': 0.1}",0.0,5.0
581,581,R,27.0,"{'sb': 0.5, 'sd': 0.05, 'mu': 0.1}",0.0,5.0
582,582,R,3.0,"{'sb': 0.5, 'sd': 0.9, 'mu': 0.1}",0.0,0.0
583,583,R,3.0,"{'sb': 0.5, 'sd': 0.9, 'mu': 0.1}",0.0,0.0
584,584,R,3.0,"{'sb': 0.5, 'sd': 0.9, 'mu': 0.1}",0.0,0.0
585,585,R,3.0,"{'sb': 0.5, 'sd': 0.9, 'mu': 0.1}",0.0,0.0
586,586,R,3.0,"{'sb': 0.5, 'sd': 0.9, 'mu': 0.1}",0.0,0.0
587,587,E,3.0,"{'sb': 0.5, 'sd': 0.05, 'mu': 0.1}",-79.0,5.0
588,588,R,3.0,"{'sb': 0.5, 'sd': 0.9, 'mu': 0.1}",0.0,0.0
589,589,R,3.0,"{'sb': 0.5, 'sd': 0.9, 'mu': 0.1}",0.0,0.0
590,590,R,3.0,"{'sb': 0.5, 'sd': 0.9, 'mu': 0.1}",0.0,0.0
591,591,R,3.0,"{'sb': 0.5, 'sd': 0.9, 'mu': 0.1}",0.0,0.0
592,592,R,3.0,"{'sb': 0.5, 'sd': 0.9, 'mu': 0.1}",0.0,0.0
593,593,R,3.0,"{'sb': 0.5, 'sd': 0.9, 'mu': 0.1}",0.0,0.0
594,594,R,3.0,"{'sb': 0.5, 'sd': 0.9, 'mu': 0.1}",0.0,0.0
595,595,R,3.0,"{'sb': 0.5, 'sd': 0.9, 'mu': 0.1}",0.0,0.0
596,596,R,3.0,"{'sb': 0.5, 'sd': 0.9, 'mu': 0.1}",0.0,0.0
597,597,R,3.0,"{'sb': 0.5, 'sd': 0.9, 'mu': 0.1}",0.0,0.0
598,598,R,3.0,"{'sb': 0.5, 'sd': 0.9, 'mu': 0.1}",0.0,0.0
599,599,R,3.0,"{'sb': 0.5, 'sd': 0.9, 'mu': 0.1}",0.0,0.0
600,600,R,3.0,"{'sb': 0.5, 'sd': 0.9, 'mu': 0.1}",0.0,0.0
601,601,R,3.0,"{'sb': 0.5, 'sd': 0.9, 'mu': 0.1}",0.0,0.0
602,602,R,3.0,"{'sb': 0.5, 'sd': 0.9, 'mu': 0.1}",0.0,0.0
603,603,R,3.0,"{'sb': 0.5, 'sd': 0.9, 'mu': 0.1}",0.0,0.0
604,604,R,3.0,"{'sb': 0.5, 'sd': 0.9, 'mu': 0.1}",0.0,0.0
605,605,R,3.0,"{'sb': 0.5, 'sd': 0.9, 'mu': 0.1}",0.0,0.0
606,606,R,3.0,"{'sb': 0.5, 'sd': 0.9, 'mu': 0.1}",0.0,0.0
607,607,R,3.0,"{'sb': 0.5, 'sd': 0.9, 'mu': 0.1}",0.0,0.0
608,608,R,3.0,"{'sb': 0.5, 'sd': 0.9, 'mu': 0.1}",0.0,0.0
609,609,R,3.0,"{'sb': 0.5, 'sd': 0.9, 'mu': 0.1}",0.0,0.0
610,610,R,3.0,"{'sb': 0.5, 'sd': 0.05, 'mu': 0.1}",0.0,5.0
611,611,R,3.0,"{'sb': 0.5, 'sd': 0.9, 'mu': 0.1}",0.0,0.0
612,612,R,3.0,"{'sb': 0.5, 'sd': 0.9, 'mu': 0.1}",0.0,0.0
613,613,R,3.0,"{'sb': 0.5, 'sd': 0.05, 'mu': 0.1}",0.0,3.0
614,614,R,3.0,"{'sb': 0.5, 'sd': 0.9, 'mu': 0.1}",0.0,0.0
615,615,R,3.0,"{'sb': 0.5, 'sd': 0.9, 'mu': 0.1}",0.0,0.0
616,616,R,3.0,"{'sb': 0.5, 'sd': 0.9, 'mu': 0.1}",0.0,0.0
617,617,R,3.0,"{'sb': 0.5, 'sd': 0.9, 'mu': 0.1}",0.0,0.0
618,618,R,3.0,"{'sb': 0.5, 'sd': 0.9, 'mu': 0.1}",0.0,0.0
619,619,R,3.0,"{'sb': 0.5, 'sd': 0.9, 'mu': 0.1}",0.0,0.0
620,620,R,3.0,"{'sb': 0.5, 'sd': 0.9, 'mu': 0.1}",0.0,0.0
621,621,R,3.0,"{'sb': 0.5, 'sd': 0.9, 'mu': 0.1}",0.0,0.0
622,622,E,8.0,"{'sb': 0.5, 'sd': 0.05, 'mu': 0.1}",-92.0,5.0
623,623,R,3.0,"{'sb': 0.5, 'sd': 0.05, 'mu': 0.1}",0.0,0.0
624,624,R,3.0,"{'sb': 0.5, 'sd': 0.9, 'mu': 0.1}",0.0,0.0
625,625,R,55.0,"{'sb': 0.5, 'sd': 0.05, 'mu': 0.1}",0.0,5.0
626,626,R,3.0,"{'sb': 0.5, 'sd': 0.9, 'mu': 0.1}",0.0,0.0
627,627,R,3.0,"{'sb': 0.5, 'sd': 0.9, 'mu': 0.1}",0.0,0.0
628,628,R,3.0,"{'sb': 0.5, 'sd': 0.9, 'mu': 0.1}",0.0,0.0
629,629,R,3.0,"{'sb': 0.5, 'sd': 0.9, 'mu': 0.1}",0.0,0.0
630,630,R,3.0,"{'sb': 0.5, 'sd': 0.9, 'mu': 0.1}",0.0,0.0
631,631,R,3.0,"{'sb': 0.5, 'sd': 0.9, 'mu': 0.1}",0.0,0.0
632,632,R,3.0,"{'sb': 0.5, 'sd': 0.9, 'mu': 0.1}",0.0,0.0
633,633,R,3.0,"{'sb': 0.5, 'sd': 0.9, 'mu': 0.1}",0.0,0.0
634,634,R,3.0,"{'sb': 0.5, 'sd': 0.9, 'mu': 0.1}",0.0,0.0
635,635,R,3.0,"{'sb': 0.5, 'sd': 0.9, 'mu': 0.1}",0.0,0.0
636,636,R,3.0,"{'sb': 0.5, 'sd': 0.9, 'mu': 0.1}",0.0,0.0
637,637,R,3.0,"{'sb': 0.5, 'sd': 0.9, 'mu': 0.1}",0.0,0.0
638,638,R,3.0,"{'sb': 0.5, 'sd': 0.9, 'mu': 0.1}",0.0,0.0
639,639,R,3.0,"{'sb': 0.5, 'sd': 0.9, 'mu': 0.1}",0.0,0.0
640,640,R,3.0,"{'sb': 0.5, 'sd': 0.9, 'mu': 0.1}",0.0,0.0
641,641,R,3.0,"{'sb': 0.5, 'sd': 0.9, 'mu': 0.1}",0.0,0.0
642,642,R,3.0,"{'sb': 0.5, 'sd': 0.9, 'mu': 0.1}",0.0,0.0
643,643,R,3.0,"{'sb': 0.5, 'sd': 0.9, 'mu': 0.1}",0.0,0.0
644,644,R,3.0,"{'sb': 0.5, 'sd': 0.9, 'mu': 0.1}",0.0,0.0
645,645,R,3.0,"{'sb': 0.5, 'sd': 0.9, 'mu': 0.1}",0.0,0.0
646,646,R,3.0,"{'sb': 0.5, 'sd': 0.9, 'mu': 0.1}",0.0,0.0
647,647,R,3.0,"{'sb': 0.5, 'sd': 0.05, 'mu': 0.1}",0.0,5.0
648,648,R,3.0,"{'sb': 0.5, 'sd': 0.9, 'mu': 0.1}",0.0,0.0
649,649,R,3.0,"{'sb': 0.5, 'sd': 0.9, 'mu': 0.1}",0.0,0.0
650,650,R,3.0,"{'sb': 0.5, 'sd': 0.9, 'mu': 0.1}",0.0,0.0
651,651,R,3.0,"{'sb': 0.5, 'sd': 0.05, 'mu': 0.1}",0.0,3.0
652,652,R,3.0,"{'sb': 0.5, 'sd': 0.9, 'mu': 0.1}",0.0,0.0
653,653,R,3.0,"{'sb': 0.5, 'sd': 0.9, 'mu': 0.1}",0.0,0.0
654,654,R,3.0,"{'sb': 0.5, 'sd': 0.9, 'mu': 0.1}",0.0,0.0
655,655,R,3.0,"{'sb': 0.5, 'sd': 0.9, 'mu': 0.1}",0.0,0.0
656,656,R,15.0,"{'sb': 0.5, 'sd': 0.05, 'mu': 0.1}",0.0,5.0
657,657,R,3.0,"{'sb': 0.5, 'sd': 0.9, 'mu': 0.1}",0.0,0.0
658,658,R,3.0,"{'sb': 0.5, 'sd': 0.9, 'mu': 0.1}",0.0,0.0
659,659,R,3.0,"{'sb': 0.5, 'sd': 0.9, 'mu': 0.1}",0.0,0.0
660,660,R,3.0,"{'sb': 0.5, 'sd': 0.9, 'mu': 0.1}",0.0,0.0
661,661,R,34.0,"{'sb': 0.5, 'sd': 0.05, 'mu': 0.1}",0.0,5.0
662,662,R,3.0,"{'sb': 0.5, 'sd': 0.9, 'mu': 0.1}",0.0,0.0
663,663,R,3.0,"{'sb': 0.5, 'sd': 0.9, 'mu': 0.1}",0.0,0.0
664,664,R,3.0,"{'sb': 0.5, 'sd': 0.9, 'mu': 0.1}",0.0,0.0
665,665,R,3.0,"{'sb': 0.5, 'sd': 0.9, 'mu': 0.1}",0.0,0.0
666,666,R,3.0,"{'sb': 0.5, 'sd': 0.9, 'mu': 0.1}",0.0,0.0
667,667,R,3.0,"{'sb': 0.5, 'sd': 0.9, 'mu': 0.1}",0.0,0.0
668,668,R,3.0,"{'sb': 0.5, 'sd': 0.9, 'mu': 0.1}",0.0,0.0
669,669,R,3.0,"{'sb': 0.5, 'sd': 0.9, 'mu': 0.1}",0.0,0.0
670,670,R,3.0,"{'sb': 0.5, 'sd': 0.9, 'mu': 0.1}",0.0,0.0
671,671,R,3.0,"{'sb': 0.5, 'sd': 0.9, 'mu': 0.1}",0.0,0.0
672,672,R,3.0,"{'sb': 0.5, 'sd': 0.9, 'mu': 0.1}",0.0,0.0
673,673,R,3.0,"{'sb': 0.5, 'sd': 0.9, 'mu': 0.1}",0.0,0.0
674,674,R,3.0,"{'sb': 0.5, 'sd': 0.9, 'mu': 0.1}",0.0,0.0
675,675,R,3.0,"{'sb': 0.5, 'sd': 0.9, 'mu': 0.1}",0.0,0.0
676,676,R,3.0,"{'sb': 0.5, 'sd': 0.9, 'mu': 0.1}",0.0,0.0
677,677,R,3.0,"{'sb': 0.5, 'sd': 0.9, 'mu': 0.1}",0.0,0.0
678,678,R,3.0,"{'sb': 0.5, 'sd': 0.9, 'mu': 0.1}",0.0,0.0
679,679,R,3.0,"{'sb': 0.5, 'sd': 0.9, 'mu': 0.1}",0.0,0.0
680,680,E,3.0,"{'sb': 0.5, 'sd': 0.05, 'mu': 0.1}",-116.0,5.0
681,681,R,3.0,"{'sb': 0.5, 'sd': 0.9, 'mu': 0.1}",0.0,0.0
682,682,R,3.0,"{'sb': 0.5, 'sd': 0.9, 'mu': 0.1}",0.0,0.0
683,683,R,3.0,"{'sb': 0.5, 'sd': 0.9, 'mu': 0.1}",0.0,0.0
684,684,R,3.0,"{'sb': 0.5, 'sd': 0.9, 'mu': 0.1}",0.0,0.0
685,685,R,3.0,"{'sb': 0.5, 'sd': 0.9, 'mu': 0.1}",0.0,0.0
686,686,R,3.0,"{'sb': 0.5, 'sd': 0.9, 'mu': 0.1}",0.0,0.0
687,687,R,3.0,"{'sb': 0.5, 'sd': 0.9, 'mu': 0.1}",0.0,0.0
688,688,R,3.0,"{'sb': 0.5, 'sd': 0.9, 'mu': 0.1}",0.0,0.0
689,689,R,3.0,"{'sb': 0.5, 'sd': 0.05, 'mu': 0.1}",0.0,5.0
690,690,R,3.0,"{'sb': 0.5, 'sd': 0.9, 'mu': 0.1}",0.0,0.0
691,691,R,3.0,"{'sb': 0.5, 'sd': 0.05, 'mu': 0.1}",0.0,5.0
692,692,R,3.0,"{'sb': 0.5, 'sd': 0.9, 'mu': 0.1}",0.0,0.0
693,693,R,3.0,"{'sb': 0.5, 'sd': 0.9, 'mu': 0.1}",0.0,0.0
694,694,R,3.0,"{'sb': 0.5, 'sd': 0.9, 'mu': 0.1}",0.0,0.0
695,695,R,3.0,"{'sb': 0.5, 'sd': 0.9, 'mu': 0.1}",0.0,0.0
696,696,R,3.0,"{'sb': 0.5, 'sd': 0.9, 'mu': 0.1}",0.0,0.0
697,697,R,3.0,"{'sb': 0.5, 'sd': 0.9, 'mu': 0.1}",0.0,0.0
698,698,R,3.0,"{'sb': 0.5, 'sd': 0.9, 'mu': 0.1}",0.0,0.0
699,699,R,3.0,"{'sb': 0.5, 'sd': 0.9, 'mu': 0.1}",0.0,0.0
700,700,R,3.0,"{'sb': 0.5, 'sd': 0.9, 'mu': 0.1}",0.0,0.0
701,701,R,3.0,"{'sb': 0.5, 'sd': 0.9, 'mu': 0.1}",0.0,0.0
702,702,R,3.0,"{'sb': 0.5, 'sd': 0.9, 'mu': 0.1}",0.0,0.0
703,703,R,3.0,"{'sb': 0.5, 'sd': 0.9, 'mu': 0.1}",0.0,0.0
704,704,E,3.0,"{'sb': 0.5, 'sd': 0.05, 'mu': 0.1}",-104.0,5.0
705,705,R,3.0,"{'sb': 0.5, 'sd': 0.9, 'mu': 0.1}",0.0,0.0
706,706,R,3.0,"{'sb': 0.5, 'sd': 0.9, 'mu': 0.1}",0.0,0.0
707,707,R,3.0,"{'sb': 0.5, 'sd': 0.9, 'mu': 0.1}",0.0,0.0
708,708,R,3.0,"{'sb': 0.5, 'sd': 0.9, 'mu': 0.1}",0.0,0.0
709,709,R,3.0,"{'sb': 0.5, 'sd': 0.9, 'mu': 0.1}",0.0,0.0
710,710,R,3.0,"{'sb': 0.5, 'sd': 0.9, 'mu': 0.1}",0.0,0.0
711,711,R,3.0,"{'sb': 0.5, 'sd': 0.9, 'mu': 0.1}",0.0,0.0
712,712,R,14.0,"{'sb': 0.5, 'sd': 0.05, 'mu': 0.1}",0.0,5.0
713,713,R,3.0,"{'sb': 0.5, 'sd': 0.9, 'mu': 0.1}",0.0,0.0
714,714,R,3.0,"{'sb': 0.5, 'sd': 0.9, 'mu': 0.1}",0.0,0.0
715,715,R,3.0,"{'sb': 0.5, 'sd': 0.9, 'mu': 0.1}",0.0,0.0
716,716,R,3.0,"{'sb': 0.5, 'sd': 0.9, 'mu': 0.1}",0.0,0.0
717,717,R,24.0,"{'sb': 0.5, 'sd': 0.05, 'mu': 0.1}",0.0,5.0
718,718,R,3.0,"{'sb': 0.5, 'sd': 0.9, 'mu': 0.1}",0.0,0.0
719,719,R,3.0,"{'sb': 0.5, 'sd': 0.9, 'mu': 0.1}",0.0,0.0
720,720,R,3.0,"{'sb': 0.5, 'sd': 0.9, 'mu': 0.1}",0.0,0.0
721,721,R,3.0,"{'sb': 0.5, 'sd': 0.9, 'mu': 0.1}",0.0,0.0
722,722,R,3.0,"{'sb': 0.5, 'sd': 0.9, 'mu': 0.1}",0.0,0.0
723,723,R,3.0,"{'sb': 0.5, 'sd': 0.9, 'mu': 0.1}",0.0,0.0
724,724,R,3.0,"{'sb': 0.5, 'sd': 0.9, 'mu': 0.1}",0.0,0.0
725,725,R,3.0,"{'sb': 0.5, 'sd': 0.9, 'mu': 0.1}",0.0,0.0
726,726,R,3.0,"{'sb': 0.5, 'sd': 0.9, 'mu': 0.1}",0.0,0.0
727,727,R,3.0,"{'sb': 0.5, 'sd': 0.9, 'mu': 0.1}",0.0,0.0
728,728,R,3.0,"{'sb': 0.5, 'sd': 0.9, 'mu': 0.1}",0.0,0.0
729,729,E,3.0,"{'sb': 0.5, 'sd': 0.05, 'mu': 0.1}",-121.0,5.0
730,730,R,3.0,"{'sb': 0.5, 'sd': 0.9, 'mu': 0.1}",0.0,0.0
731,731,R,3.0,"{'sb': 0.5, 'sd': 0.9, 'mu': 0.1}",0.0,0.0
732,732,R,3.0,"{'sb': 0.5, 'sd': 0.9, 'mu': 0.1}",0.0,0.0
733,733,R,3.0,"{'sb': 0.5, 'sd': 0.9, 'mu': 0.1}",0.0,0.0
734,734,R,3.0,"{'sb': 0.5, 'sd': 0.9, 'mu': 0.1}",0.0,0.0
735,735,R,3.0,"{'sb': 0.5, 'sd': 0.9, 'mu': 0.1}",0.0,0.0
736,736,R,3.0,"{'sb': 0.5, 'sd': 0.05, 'mu': 0.1}",0.0,5.0
737,737,R,3.0,"{'sb': 0.5, 'sd': 0.9, 'mu': 0.1}",0.0,0.0
738,738,R,3.0,"{'sb': 0.5, 'sd': 0.9, 'mu': 0.1}",0.0,0.0
739,739,R,3.0,"{'sb': 0.5, 'sd': 0.9, 'mu': 0.1}",0.0,0.0
740,740,R,3.0,"{'sb': 0.5, 'sd': 0.9, 'mu': 0.1}",0.0,0.0
741,741,R,3.0,"{'sb': 0.5, 'sd': 0.9, 'mu': 0.1}",0.0,0.0
742,742,R,3.0,"{'sb': 0.5, 'sd': 0.9, 'mu': 0.1}",0.0,0.0
743,743,R,3.0,"{'sb': 0.5, 'sd': 0.9, 'mu': 0.1}",0.0,0.0
744,744,R,3.0,"{'sb': 0.5, 'sd': 0.9, 'mu': 0.1}",0.0,0.0
745,745,R,3.0,"{'sb': 0.5, 'sd': 0.9, 'mu': 0.1}",0.0,0.0
746,746,R,3.0,"{'sb': 0.5, 'sd': 0.9, 'mu': 0.1}",0.0,0.0
747,747,R,3.0,"{'sb': 0.5, 'sd': 0.9, 'mu': 0.1}",0.0,0.0
748,748,R,3.0,"{'sb': 0.5, 'sd': 0.9, 'mu': 0.1}",0.0,0.0
749,749,R,3.0,"{'sb': 0.5, 'sd': 0.9, 'mu': 0.1}",0.0,0.0
750,750,R,3.0,"{'sb': 0.5, 'sd': 0.9, 'mu': 0.1}",0.0,0.0
751,751,R,3.0,"{'sb': 0.5, 'sd': 0.05, 'mu': 0.1}",0.0,2.0
752,752,R,3.0,"{'sb': 0.5, 'sd': 0.9, 'mu': 0.1}",0.0,0.0
753,753,R,3.0,"{'sb': 0.5, 'sd': 0.9, 'mu': 0.1}",0.0,0.0
754,754,R,3.0,"{'sb': 0.5, 'sd': 0.9, 'mu': 0.1}",0.0,0.0
755,755,R,3.0,"{'sb': 0.5, 'sd': 0.9, 'mu': 0.1}",0.0,0.0
756,756,R,3.0,"{'sb': 0.5, 'sd': 0.9, 'mu': 0.1}",0.0,0.0
757,757,R,3.0,"{'sb': 0.5, 'sd': 0.9, 'mu': 0.1}",0.0,0.0
758,758,R,3.0,"{'sb': 0.5, 'sd': 0.9, 'mu': 0.1}",0.0,0.0
759,759,R,3.0,"{'sb': 0.5, 'sd': 0.9, 'mu': 0.1}",0.0,0.0
760,760,R,3.0,"{'sb': 0.5, 'sd': 0.9, 'mu': 0.1}",0.0,0.0
761,761,R,3.0,"{'sb': 0.5, 'sd': 0.9, 'mu': 0.1}",0.0,0.0
762,762,R,3.0,"{'sb': 0.5, 'sd': 0.9, 'mu': 0.1}",0.0,0.0
763,763,R,3.0,"{'sb': 0.5, 'sd': 0.9, 'mu': 0.1}",0.0,0.0
764,764,R,3.0,"{'sb': 0.5, 'sd': 0.9, 'mu': 0.1}",0.0,0.0
765,765,R,3.0,"{'sb': 0.5, 'sd': 0.9, 'mu': 0.1}",0.0,0.0
766,766,R,3.0,"{'sb': 0.5, 'sd': 0.9, 'mu': 0.1}",0.0,0.0
767,767,R,3.0,"{'sb': 0.5, 'sd': 0.9, 'mu': 0.1}",0.0,0.0
768,768,R,3.0,"{'sb': 0.5, 'sd': 0.9, 'mu': 0.1}",0.0,0.0
769,769,R,3.0,"{'sb': 0.5, 'sd': 0.9, 'mu': 0.1}",0.0,0.0
770,770,R,3.0,"{'sb': 0.5, 'sd': 0.9, 'mu': 0.1}",0.0,0.0
771,771,R,70.0,"{'sb': 0.5, 'sd': 0.05, 'mu': 0.1}",0.0,5.0
772,772,R,3.0,"{'sb': 0.5, 'sd': 0.9, 'mu': 0.1}",0.0,0.0
773,773,R,3.0,"{'sb': 0.5, 'sd': 0.9, 'mu': 0.1}",0.0,0.0
774,774,R,3.0,"{'sb': 0.5, 'sd': 0.9, 'mu': 0.1}",0.0,0.0
775,775,R,3.0,"{'sb': 0.5, 'sd': 0.9, 'mu': 0.1}",0.0,0.0
776,776,R,14.0,"{'sb': 0.5, 'sd': 0.05, 'mu': 0.1}",0.0,5.0
777,777,R,3.0,"{'sb': 0.5, 'sd': 0.9, 'mu': 0.1}",0.0,0.0
778,778,R,3.0,"{'sb': 0.5, 'sd': 0.9, 'mu': 0.1}",0.0,0.0
779,779,R,3.0,"{'sb': 0.5, 'sd': 0.9, 'mu': 0.1}",0.0,0.0
780,780,R,3.0,"{'sb': 0.5, 'sd': 0.9, 'mu': 0.1}",0.0,0.0
781,781,R,3.0,"{'sb': 0.5, 'sd': 0.9, 'mu': 0.1}",0.0,0.0
782,782,R,3.0,"{'sb': 0.5, 'sd': 0.9, 'mu': 0.1}",0.0,0.0
783,783,R,3.0,"{'sb': 0.5, 'sd': 0.05, 'mu': 0.1}",0.0,5.0
784,784,R,3.0,"{'sb': 0.5, 'sd': 0.9, 'mu': 0.1}",0.0,0.0
785,785,R,3.0,"{'sb': 0.5, 'sd': 0.9, 'mu': 0.1}",0.0,0.0
786,786,R,3.0,"{'sb': 0.5, 'sd': 0.9, 'mu': 0.1}",0.0,0.0
787,787,R,3.0,"{'sb': 0.5, 'sd': 0.9, 'mu': 0.1}",0.0,0.0
788,788,R,3.0,"{'sb': 0.5, 'sd': 0.9, 'mu': 0.1}",0.0,0.0
789,789,R,3.0,"{'sb': 0.5, 'sd': 0.05, 'mu': 0.1}",0.0,3.0
790,790,R,3.0,"{'sb': 0.5, 'sd': 0.9, 'mu': 0.1}",0.0,0.0
791,791,E,70.0,"{'sb': 0.5, 'sd': 0.05, 'mu': 0.1}",-108.0,5.0
792,792,R,3.0,"{'sb': 0.5, 'sd': 0.9, 'mu': 0.1}",0.0,0.0
793,793,R,3.0,"{'sb': 0.5, 'sd': 0.9, 'mu': 0.1}",0.0,0.0
794,794,R,3.0,"{'sb': 0.5, 'sd': 0.9, 'mu': 0.1}",0.0,0.0
795,795,R,3.0,"{'sb': 0.5, 'sd': 0.9, 'mu': 0.1}",0.0,0.0
796,796,R,3.0,"{'sb': 0.5, 'sd': 0.9, 'mu': 0.1}",0.0,0.0
797,797,R,3.0,"{'sb': 0.5, 'sd': 0.9, 'mu': 0.1}",0.0,0.0
798,798,R,3.0,"{'sb': 0.5, 'sd': 0.9, 'mu': 0.1}",0.0,0.0
799,799,R,3.0,"{'sb': 0.5, 'sd': 0.9, 'mu': 0.1}",0.0,0.0
800,800,R,3.0,"{'sb': 0.5, 'sd': 0.05, 'mu': 0.1}",0.0,4.0
801,801,R,3.0,"{'sb': 0.5, 'sd': 0.9, 'mu': 0.1}",0.0,0.0
802,802,R,3.0,"{'sb': 0.5, 'sd': 0.9, 'mu': 0.1}",0.0,0.0
803,803,R,3.0,"{'sb': 0.5, 'sd': 0.9, 'mu': 0.1}",0.0,0.0
804,804,R,3.0,"{'sb': 0.5, 'sd': 0.9, 'mu': 0.1}",0.0,0.0
805,805,R,3.0,"{'sb': 0.5, 'sd': 0.9, 'mu': 0.1}",0.0,0.0
806,806,R,3.0,"{'sb': 0.5, 'sd': 0.9, 'mu': 0.1}",0.0,0.0
807,807,R,3.0,"{'sb': 0.5, 'sd': 0.9, 'mu': 0.1}",0.0,0.0
808,808,R,3.0,"{'sb': 0.5, 'sd': 0.9, 'mu': 0.1}",0.0,0.0
809,809,R,3.0,"{'sb': 0.5, 'sd': 0.9, 'mu': 0.1}",0.0,0.0
810,810,R,3.0,"{'sb': 0.5, 'sd': 0.9, 'mu': 0.1}",0.0,0.0
811,811,R,3.0,"{'sb': 0.5, 'sd': 0.9, 'mu': 0.1}",0.0,0.0
812,812,R,3.0,"{'sb': 0.5, 'sd': 0.9, 'mu': 0.1}",0.0,0.0
813,813,R,3.0,"{'sb': 0.5, 'sd': 0.9, 'mu': 0.1}",0.0,0.0
814,814,R,3.0,"{'sb': 0.5, 'sd': 0.9, 'mu': 0.1}",0.0,0.0
815,815,R,3.0,"{'sb': 0.5, 'sd': 0.05, 'mu': 0.1}",0.0,5.0
816,816,R,3.0,"{'sb': 0.5, 'sd': 0.9, 'mu': 0.1}",0.0,0.0
817,817,R,3.0,"{'sb': 0.5, 'sd': 0.9, 'mu': 0.1}",0.0,0.0
818,818,R,3.0,"{'sb': 0.5, 'sd': 0.9, 'mu': 0.1}",0.0,0.0
819,819,R,3.0,"{'sb': 0.5, 'sd': 0.9, 'mu': 0.1}",0.0,0.0
820,820,R,3.0,"{'sb': 0.5, 'sd': 0.9, 'mu': 0.1}",0.0,0.0
821,821,R,3.0,"{'sb': 0.5, 'sd': 0.9, 'mu': 0.1}",0.0,0.0
822,822,R,3.0,"{'sb': 0.5, 'sd': 0.9, 'mu': 0.1}",0.0,0.0
823,823,E,3.0,"{'sb': 0.5, 'sd': 0.05, 'mu': 0.1}",-99.0,5.0
824,824,R,3.0,"{'sb': 0.5, 'sd': 0.9, 'mu': 0.1}",0.0,0.0
825,825,R,3.0,"{'sb': 0.5, 'sd': 0.9, 'mu': 0.1}",0.0,0.0
826,826,R,3.0,"{'sb': 0.5, 'sd': 0.9, 'mu': 0.1}",0.0,0.0
827,827,R,3.0,"{'sb': 0.5, 'sd': 0.9, 'mu': 0.1}",0.0,0.0
828,828,R,3.0,"{'sb': 0.5, 'sd': 0.9, 'mu': 0.1}",0.0,0.0
829,829,R,3.0,"{'sb': 0.5, 'sd': 0.9, 'mu': 0.1}",0.0,0.0
830,830,R,3.0,"{'sb': 0.5, 'sd': 0.9, 'mu': 0.1}",0.0,0.0
831,831,R,3.0,"{'sb': 0.5, 'sd': 0.9, 'mu': 0.1}",0.0,0.0
832,832,R,3.0,"{'sb': 0.5, 'sd': 0.9, 'mu': 0.1}",0.0,0.0
833,833,R,3.0,"{'sb': 0.5, 'sd': 0.05, 'mu': 0.1}",0.0,5.0
834,834,R,3.0,"{'sb': 0.5, 'sd': 0.9, 'mu': 0.1}",0.0,0.0
835,835,R,3.0,"{'sb': 0.5, 'sd': 0.9, 'mu': 0.1}",0.0,0.0
836,836,R,3.0,"{'sb': 0.5, 'sd': 0.9, 'mu': 0.1}",0.0,0.0
837,837,R,3.0,"{'sb': 0.5, 'sd': 0.9, 'mu': 0.1}",0.0,0.0
838,838,R,3.0,"{'sb': 0.5, 'sd': 0.9, 'mu': 0.1}",0.0,0.0
839,839,R,3.0,"{'sb': 0.5, 'sd': 0.9, 'mu': 0.1}",0.0,0.0
840,840,E,49.0,"{'sb': 0.5, 'sd': 0.05, 'mu': 0.1}",-75.0,5.0
841,841,R,3.0,"{'sb': 0.5, 'sd': 0.9, 'mu': 0.1}",0.0,0.0
842,842,R,3.0,"{'sb': 0.5, 'sd': 0.9, 'mu': 0.1}",0.0,0.0
843,843,R,3.0,"{'sb': 0.5, 'sd': 0.9, 'mu': 0.1}",0.0,0.0
844,844,R,3.0,"{'sb': 0.5, 'sd': 0.9, 'mu': 0.1}",0.0,0.0
845,845,R,3.0,"{'sb': 0.5, 'sd': 0.9, 'mu': 0.1}",0.0,0.0
846,846,R,6.0,"{'sb': 0.5, 'sd': 0.05, 'mu': 0.1}",0.0,5.0
847,847,R,3.0,"{'sb': 0.5, 'sd': 0.9, 'mu': 0.1}",0.0,0.0
848,848,R,8.0,"{'sb': 0.5, 'sd': 0.05, 'mu': 0.1}",0.0,5.0
849,849,R,3.0,"{'sb': 0.5, 'sd': 0.9, 'mu': 0.1}",0.0,0.0
850,850,R,3.0,"{'sb': 0.5, 'sd': 0.05, 'mu': 0.1}",0.0,4.0
851,851,R,3.0,"{'sb': 0.5, 'sd': 0.9, 'mu': 0.1}",0.0,0.0
852,852,R,27.0,"{'sb': 0.5, 'sd': 0.05, 'mu': 0.1}",0.0,5.0
853,853,R,3.0,"{'sb': 0.5, 'sd': 0.9, 'mu': 0.1}",0.0,0.0
854,854,R,3.0,"{'sb': 0.5, 'sd': 0.9, 'mu': 0.1}",0.0,0.0
855,855,R,3.0,"{'sb': 0.5, 'sd': 0.9, 'mu': 0.1}",0.0,0.0
856,856,R,3.0,"{'sb': 0.5, 'sd': 0.9, 'mu': 0.1}",0.0,0.0
857,857,R,3.0,"{'sb': 0.5, 'sd': 0.9, 'mu': 0.1}",0.0,0.0
858,858,R,3.0,"{'sb': 0.5, 'sd': 0.9, 'mu': 0.1}",0.0,0.0
859,859,R,3.0,"{'sb': 0.5, 'sd': 0.9, 'mu': 0.1}",0.0,0.0
860,860,R,3.0,"{'sb': 0.5, 'sd': 0.9, 'mu': 0.1}",0.0,0.0
861,861,R,3.0,"{'sb': 0.5, 'sd': 0.9, 'mu': 0.1}",0.0,0.0
862,862,R,3.0,"{'sb': 0.5, 'sd': 0.05, 'mu': 0.1}",0.0,5.0
863,863,R,3.0,"{'sb': 0.5, 'sd': 0.9, 'mu': 0.1}",0.0,0.0
864,864,R,3.0,"{'sb': 0.5, 'sd': 0.9, 'mu': 0.1}",0.0,0.0
865,865,R,3.0,"{'sb': 0.5, 'sd': 0.9, 'mu': 0.1}",0.0,0.0
866,866,R,3.0,"{'sb': 0.5, 'sd': 0.9, 'mu': 0.1}",0.0,0.0
867,867,R,3.0,"{'sb': 0.5, 'sd': 0.9, 'mu': 0.1}",0.0,0.0
868,868,R,3.0,"{'sb': 0.5, 'sd': 0.9, 'mu': 0.1}",0.0,0.0
869,869,R,3.0,"{'sb': 0.5, 'sd': 0.9, 'mu': 0.1}",0.0,0.0
870,870,R,3.0,"{'sb': 0.5, 'sd': 0.9, 'mu': 0.1}",0.0,0.0
871,871,R,3.0,"{'sb': 0.5, 'sd': 0.9, 'mu': 0.1}",0.0,0.0
872,872,R,3.0,"{'sb': 0.5, 'sd': 0.9, 'mu': 0.1}",0.0,0.0
873,873,R,3.0,"{'sb': 0.5, 'sd': 0.9, 'mu': 0.1}",0.0,0.0
874,874,R,3.0,"{'sb': 0.5, 'sd': 0.9, 'mu': 0.1}",0.0,0.0
875,875,R,3.0,"{'sb': 0.5, 'sd': 0.9, 'mu': 0.1}",0.0,0.0
876,876,R,3.0,"{'sb': 0.5, 'sd': 0.9, 'mu': 0.1}",0.0,0.0
877,877,R,3.0,"{'sb': 0.5, 'sd': 0.9, 'mu': 0.1}",0.0,0.0
878,878,R,3.0,"{'sb': 0.5, 'sd': 0.9, 'mu': 0.1}",0.0,0.0
879,879,R,3.0,"{'sb': 0.5, 'sd': 0.9, 'mu': 0.1}",0.0,0.0
880,880,R,3.0,"{'sb': 0.5, 'sd': 0.9, 'mu': 0.1}",0.0,0.0
881,881,R,3.0,"{'sb': 0.5, 'sd': 0.9, 'mu': 0.1}",0.0,0.0
882,882,R,3.0,"{'sb': 0.5, 'sd': 0.9, 'mu': 0.1}",0.0,0.0
883,883,R,3.0,"{'sb': 0.5, 'sd': 0.9, 'mu': 0.1}",0.0,0.0
884,884,R,3.0,"{'sb': 0.5, 'sd': 0.05, 'mu': 0.1}",0.0,4.0
885,885,R,3.0,"{'sb': 0.5, 'sd': 0.9, 'mu': 0.1}",0.0,0.0
886,886,R,3.0,"{'sb': 0.5, 'sd': 0.9, 'mu': 0.1}",0.0,0.0
887,887,R,3.0,"{'sb': 0.5, 'sd': 0.9, 'mu': 0.1}",0.0,0.0
888,888,R,3.0,"{'sb': 0.5, 'sd': 0.9, 'mu': 0.1}",0.0,0.0
889,889,R,3.0,"{'sb': 0.5, 'sd': 0.9, 'mu': 0.1}",0.0,0.0
890,890,R,3.0,"{'sb': 0.5, 'sd': 0.9, 'mu': 0.1}",0.0,0.0
891,891,R,3.0,"{'sb': 0.5, 'sd': 0.9, 'mu': 0.1}",0.0,0.0
892,892,R,3.0,"{'sb': 0.5, 'sd': 0.9, 'mu': 0.1}",0.0,0.0
893,893,R,3.0,"{'sb': 0.5, 'sd': 0.9, 'mu': 0.1}",0.0,0.0
894,894,R,3.0,"{'sb': 0.5, 'sd': 0.9, 'mu': 0.1}",0.0,0.0
895,895,R,3.0,"{'sb': 0.5, 'sd': 0.9, 'mu': 0.1}",0.0,0.0
896,896,R,3.0,"{'sb': 0.5, 'sd': 0.9, 'mu': 0.1}",0.0,0.0
897,897,R,3.0,"{'sb': 0.5, 'sd': 0.9, 'mu': 0.1}",0.0,0.0
898,898,R,3.0,"{'sb': 0.5, 'sd': 0.9, 'mu': 0.1}",0.0,0.0
899,899,R,3.0,"{'sb': 0.5, 'sd': 0.9, 'mu': 0.1}",0.0,0.0
900,900,R,2,"{'sb': 0.5, 'sd': 0.05, 'mu': 0.1}",0,2
901,901,R,2,"{'sb': 0.5, 'sd': 0.9, 'mu': 0.1}",0,0
902,902,R,2,"{'sb': 0.5, 'sd': 0.9, 'mu': 0.1}",0,0
903,903,R,2,"{'sb': 0.5, 'sd': 0.9, 'mu': 0.1}",0,0
904,904,R,2,"{'sb': 0.5, 'sd': 0.9, 'mu': 0.1}",0,0
905,905,R,2,"{'sb': 0.5, 'sd': 0.9, 'mu': 0.1}",0,0
906,906,R,2,"{'sb': 0.5, 'sd': 0.05, 'mu': 0.1}",0,1
907,907,R,2,"{'sb': 0.5, 'sd': 0.9, 'mu': 0.1}",0,0
908,908,R,2,"{'sb': 0.5, 'sd': 0.9, 'mu': 0.1}",0,0
909,909,R,2,"{'sb': 0.5, 'sd': 0.9, 'mu': 0.1}",0,0
910,910,R,2,"{'sb': 0.5, 'sd': 0.9, 'mu': 0.1}",0,0
911,911,R,2,"{'sb': 0.5, 'sd': 0.9, 'mu': 0.1}",0,0
912,912,R,2,"{'sb': 0.5, 'sd': 0.9, 'mu': 0.1}",0,0
913,913,R,2,"{'sb': 0.5, 'sd': 0.9, 'mu': 0.1}",0,0
914,914,R,2,"{'sb': 0.5, 'sd': 0.05, 'mu': 0.1}",0,2
915,915,R,2,"{'sb': 0.5, 'sd': 0.9, 'mu': 0.1}",0,0
916,916,R,2,"{'sb': 0.5, 'sd': 0.05, 'mu': 0.1}",0,1
917,917,R,2,"{'sb': 0.5, 'sd': 0.05, 'mu': 0.1}",0,4
918,918,R,2,"{'sb': 0.5, 'sd': 0.9, 'mu': 0.1}",0,0
919,919,R,2,"{'sb': 0.5, 'sd': 0.9, 'mu': 0.1}",0,0
920,920,R,2,"{'sb': 0.5, 'sd': 0.05, 'mu': 0.1}",0,5
921,921,R,2,"{'sb': 0.5, 'sd': 0.9, 'mu': 0.1}",0,0
922,922,R,2,"{'sb': 0.5, 'sd': 0.05, 'mu': 0.1}",0,5
923,923,R,2,"{'sb': 0.5, 'sd': 0.9, 'mu': 0.1}",0,0
924,924,R,2,"{'sb': 0.5, 'sd': 0.05, 'mu': 0.1}",0,4
925,925,R,2,"{'sb': 0.5, 'sd': 0.05, 'mu': 0.1}",0,3
926,926,R,2,"{'sb': 0.5, 'sd': 0.05, 'mu': 0.1}",0,3
927,927,R,2,"{'sb': 0.5, 'sd': 0.05, 'mu': 0.1}",0,0
928,928,R,2,"{'sb': 0.5, 'sd': 0.05, 'mu': 0.1}",0,1
929,929,R,2,"{'sb': 0.5, 'sd': 0.05, 'mu': 0.1}",0,4
930,930,R,2,"{'sb': 0.5, 'sd': 0.05, 'mu': 0.1}",0,1
931,931,R,2,"{'sb': 0.5, 'sd': 0.9, 'mu': 0.1}",0,0
932,932,R,2,"{'sb': 0.5, 'sd': 0.05, 'mu': 0.1}",0,3
933,933,R,2,"{'sb': 0.5, 'sd': 0.9, 'mu': 0.1}",0,0
934,934,R,2,"{'sb': 0.5, 'sd': 0.9, 'mu': 0.1}",0,0
935,935,R,2,"{'sb': 0.5, 'sd': 0.05, 'mu': 0.1}",0,1
936,936,R,2,"{'sb': 0.5, 'sd': 0.05, 'mu': 0.1}",0,4
937,937,R,2,"{'sb': 0.5, 'sd': 0.9, 'mu': 0.1}",0,0
938,938,R,2,"{'sb': 0.5, 'sd': 0.9, 'mu': 0.1}",0,0
939,939,R,2,"{'sb': 0.5, 'sd': 0.05, 'mu': 0.1}",0,0
940,940,R,2,"{'sb': 0.5, 'sd': 0.9, 'mu': 0.1}",0,0
941,941,R,2,"{'sb': 0.5, 'sd': 0.05, 'mu': 0.1}",0,4
942,942,R,2,"{'sb': 0.5, 'sd': 0.05, 'mu': 0.1}",0,0
943,943,R,2,"{'sb': 0.5, 'sd': 0.05, 'mu': 0.1}",0,5
944,944,R,2,"{'sb': 0.5, 'sd': 0.05, 'mu': 0.1}",0,4
945,945,R,2,"{'sb': 0.5, 'sd': 0.9, 'mu': 0.1}",0,0
946,946,R,2,"{'sb': 0.5, 'sd': 0.9, 'mu': 0.1}",0,0
947,947,R,2,"{'sb': 0.5, 'sd': 0.9, 'mu': 0.1}",0,0
948,948,R,2,"{'sb': 0.5, 'sd': 0.9, 'mu': 0.1}",0,0
949,949,R,2,"{'sb': 0.5, 'sd': 0.05, 'mu': 0.1}",0,0
950,950,R,2,"{'sb': 0.5, 'sd': 0.05, 'mu': 0.1}",0,0
951,951,R,2,"{'sb': 0.5, 'sd': 0.05, 'mu': 0.1}",0,2
952,952,R,2,"{'sb': 0.5, 'sd': 0.9, 'mu': 0.1}",0,0
953,953,R,2,"{'sb': 0.5, 'sd': 0.05, 'mu': 0.1}",0,5
954,954,R,2,"{'sb': 0.5, 'sd': 0.05, 'mu': 0.1}",0,1
955,955,R,2,"{'sb': 0.5, 'sd': 0.05, 'mu': 0.1}",0,5
956,956,R,2,"{'sb': 0.5, 'sd': 0.05, 'mu': 0.1}",0,3
957,957,R,2,"{'sb': 0.5, 'sd': 0.05, 'mu': 0.1}",0,0
958,958,R,2,"{'sb': 0.5, 'sd': 0.05, 'mu': 0.1}",0,1
959,959,R,2,"{'sb': 0.5, 'sd': 0.05, 'mu': 0.1}",0,2
960,960,R,2,"{'sb': 0.5, 'sd': 0.9, 'mu': 0.1}",0,0
961,961,R,2,"{'sb': 0.5, 'sd': 0.9, 'mu': 0.1}",0,0
962,962,R,2,"{'sb': 0.5, 'sd': 0.9, 'mu': 0.1}",0,0
963,963,R,2,"{'sb': 0.5, 'sd': 0.9, 'mu': 0.1}",0,0
964,964,R,2,"{'sb': 0.5, 'sd': 0.9, 'mu': 0.1}",0,0
965,965,R,2,"{'sb': 0.5, 'sd': 0.05, 'mu': 0.1}",0,1
966,966,R,2,"{'sb': 0.5, 'sd': 0.05, 'mu': 0.1}",0,4
967,967,R,2,"{'sb': 0.5, 'sd': 0.05, 'mu': 0.1}",0,5
968,968,R,2,"{'sb': 0.5, 'sd': 0.05, 'mu': 0.1}",0,0
969,969,R,2,"{'sb': 0.5, 'sd': 0.9, 'mu': 0.1}",0,0
970,970,R,2,"{'sb': 0.5, 'sd': 0.9, 'mu': 0.1}",0,0
971,971,R,2,"{'sb': 0.5, 'sd': 0.9, 'mu': 0.1}",0,0
972,972,R,2,"{'sb': 0.5, 'sd': 0.9, 'mu': 0.1}",0,0
973,973,R,2,"{'sb': 0.5, 'sd': 0.9, 'mu': 0.1}",0,0
974,974,R,2,"{'sb': 0.5, 'sd': 0.05, 'mu': 0.1}",0,5
975,975,R,2,"{'sb': 0.5, 'sd': 0.05, 'mu': 0.1}",0,4
976,976,R,2,"{'sb': 0.5, 'sd': 0.05, 'mu': 0.1}",0,2
977,977,R,2,"{'sb': 0.5, 'sd': 0.05, 'mu': 0.1}",0,1
978,978,R,2,"{'sb': 0.5, 'sd': 0.9, 'mu': 0.1}",0,0
979,979,R,2,"{'sb': 0.5, 'sd': 0.9, 'mu': 0.1}",0,0
980,980,R,2,"{'sb': 0.5, 'sd': 0.05, 'mu': 0.1}",0,1
981,981,R,2,"{'sb': 0.5, 'sd': 0.9, 'mu': 0.1}",0,0
982,982,R,2,"{'sb': 0.5, 'sd': 0.9, 'mu': 0.1}",0,0
983,983,R,2,"{'sb': 0.5, 'sd': 0.9, 'mu': 0.1}",0,0
984,984,R,2,"{'sb': 0.5, 'sd': 0.05, 'mu': 0.1}",0,1
985,985,R,2,"{'sb': 0.5, 'sd': 0.05, 'mu': 0.1}",0,2
986,986,R,2,"{'sb': 0.5, 'sd': 0.9, 'mu': 0.1}",0,0
987,987,R,2,"{'sb': 0.5, 'sd': 0.9, 'mu': 0.1}",0,0
988,988,R,2,"{'sb': 0.5, 'sd': 0.9, 'mu': 0.1}",0,0
989,989,R,2,"{'sb': 0.5, 'sd': 0.9, 'mu': 0.1}",0,0
990,990,R,2,"{'sb': 0.5, 'sd': 0.9, 'mu': 0.1}",0,0
991,991,R,2,"{'sb': 0.5, 'sd': 0.9, 'mu': 0.1}",0,0
992,992,R,2,"{'sb': 0.5, 'sd': 0.05, 'mu': 0.1}",0,3
993,993,R,2,"{'sb': 0.5, 'sd': 0.05, 'mu': 0.1}",0,1
994,994,R,2,"{'sb': 0.5, 'sd': 0.9, 'mu': 0.1}",0,0
995,995,R,2,"{'sb': 0.5, 'sd': 0.05, 'mu': 0.1}",0,0
996,996,R,2,"{'sb': 0.5, 'sd': 0.9, 'mu': 0.1}",0,0
997,997,R,2,"{'sb': 0.5, 'sd': 0.05, 'mu': 0.1}",0,2
998,998,R,2,"{'sb': 0.5, 'sd': 0.05, 'mu': 0.1}",0,3
999,999,R,2,"{'sb': 0.5, 'sd': 0.05, 'mu': 0.1}",0,3
